allele,locus,var_heterogeneity,var_abs_net_charge,var_hydrophobic_imbalance,var_net_charge,var_hydropathy_sum,con_heterogeneity,con_abs_net_charge,con_hydrophobic_imbalance,z_het,z_absnetchg,z_hydimb,zl_het,zl_absnetchg,zl_hydimb
A*01:01,A,0.6001970763345279,0.19999999999999996,20.899999999999995,0.19999999999999996,-20.899999999999995,0.6694609039124978,2.0,26.5,-1.3306095273584513,-1.011189840713084,-0.05253906497758907,-0.5929007903399706,-0.8872421390910817,0.37614071142184524
A*01:02,A,0.6001970763345279,0.19999999999999996,20.899999999999995,0.19999999999999996,-20.899999999999995,0.6694609039124978,2.0,26.5,-1.3306095273584513,-1.011189840713084,-0.05253906497758907,-0.5929007903399706,-0.8872421390910817,0.37614071142184524
A*01:03,A,0.6001970763345279,0.19999999999999996,20.899999999999995,0.19999999999999996,-20.899999999999995,0.6694609039124978,2.0,26.5,-1.3306095273584513,-1.011189840713084,-0.05253906497758907,-0.5929007903399706,-0.8872421390910817,0.37614071142184524
A*01:06,A,0.5649899560424357,0.19999999999999996,23.299999999999994,0.19999999999999996,-23.299999999999994,0.6694609039124978,2.0,26.5,-2.4518461846117385,-1.011189840713084,0.361847804344919,-1.7104069946004288,-0.8872421390910817,0.7877634267866427
A*01:09,A,0.6001970763345279,0.19999999999999996,20.899999999999995,0.19999999999999996,-20.899999999999995,0.6694609039124978,2.0,26.5,-1.3306095273584513,-1.011189840713084,-0.05253906497758907,-0.5929007903399706,-0.8872421390910817,0.37614071142184524
A*01:12,A,0.5468406947475838,0.8,17.099999999999994,-0.8,-17.099999999999994,0.6406577365901952,2.0,28.9,-3.0298433879339024,-0.2934114028530439,-0.7086516080715607,-2.2864811503812623,-0.24215446931279647,-0.2755952545724178
A*01:17,A,0.5990859765684508,0.10000000000000009,21.199999999999996,0.10000000000000009,-21.199999999999996,0.6694609039124978,2.0,26.5,-1.365994579508572,-1.1308195803564238,-0.0007407063122754091,-0.6281681133087976,-0.9947567507207957,0.42759355084244505
A*01:25,A,0.6001970763345279,0.19999999999999996,20.899999999999995,0.19999999999999996,-20.899999999999995,0.6694609039124978,2.0,26.5,-1.3306095273584513,-1.011189840713084,-0.05253906497758907,-0.5929007903399706,-0.8872421390910817,0.37614071142184524
A*02:01,A,0.6443026790788755,0.20000000000000018,12.5,0.20000000000000018,-12.5,0.6406577365901952,2.0,28.9,0.07401596251216669,-1.0111898407130837,-1.5028931076063672,0.8070513869622479,-0.8872421390910814,-1.0645387923549456
A*02:02,A,0.6443026790788755,0.20000000000000018,12.5,0.20000000000000018,-12.5,0.6406577365901952,2.0,28.9,0.07401596251216669,-1.0111898407130837,-1.5028931076063672,0.8070513869622479,-0.8872421390910814,-1.0645387923549456
A*02:03,A,0.6373894675343144,0.7999999999999998,20.199999999999996,-0.7999999999999998,-20.199999999999996,0.6104115460250272,2.0,31.4,-0.14614820140695964,-0.2934114028530442,-0.17340190186332052,0.5876197285841175,-0.24215446931279672,0.2560840861071127
A*02:04,A,0.6443026790788755,0.20000000000000018,12.5,0.20000000000000018,-12.5,0.6406577365901952,2.0,28.9,0.07401596251216669,-1.0111898407130837,-1.5028931076063672,0.8070513869622479,-0.8872421390910814,-1.0645387923549456
A*02:05,A,0.6443026790788755,0.20000000000000018,12.5,0.20000000000000018,-12.5,0.6406577365901952,2.0,28.9,0.07401596251216669,-1.0111898407130837,-1.5028931076063672,0.8070513869622479,-0.8872421390910814,-1.0645387923549456
A*02:06,A,0.6443026790788755,0.20000000000000018,12.5,0.20000000000000018,-12.5,0.6406577365901952,2.0,28.9,0.07401596251216669,-1.0111898407130837,-1.5028931076063672,0.8070513869622479,-0.8872421390910814,-1.0645387923549456
A*02:07,A,0.6443026790788755,0.20000000000000018,12.5,0.20000000000000018,-12.5,0.6406577365901952,2.0,28.9,0.07401596251216669,-1.0111898407130837,-1.5028931076063672,0.8070513869622479,-0.8872421390910814,-1.0645387923549456
A*02:08,A,0.6107999351871904,0.8,12.100000000000001,-0.8,-12.100000000000001,0.6406577365901952,2.0,28.9,-0.9929416374924913,-0.2934114028530439,-1.5719575858267851,-0.25635635124792544,-0.24215446931279647,-1.1331425782490783
A*02:09,A,0.6443026790788755,0.20000000000000018,12.5,0.20000000000000018,-12.5,0.6406577365901952,2.0,28.9,0.07401596251216669,-1.0111898407130837,-1.5028931076063672,0.8070513869622479,-0.8872421390910814,-1.0645387923549456
A*02:10,A,0.6443026790788755,0.20000000000000018,12.5,0.20000000000000018,-12.5,0.6406577365901952,2.0,28.9,0.07401596251216669,-1.0111898407130837,-1.5028931076063672,0.8070513869622479,-0.8872421390910814,-1.0645387923549456
A*02:11,A,0.6823931944945121,0.20000000000000018,7.3,0.20000000000000018,-7.3,0.6406577365901952,2.0,28.9,1.2870797355034462,-1.0111898407130837,-2.400731324471802,2.016079190068692,-0.8872421390910814,-1.9563880089786738
A*02:12,A,0.6443026790788755,0.20000000000000018,12.5,0.20000000000000018,-12.5,0.6406577365901952,2.0,28.9,0.07401596251216669,-1.0111898407130837,-1.5028931076063672,0.8070513869622479,-0.8872421390910814,-1.0645387923549456
A*02:122,A,0.6443026790788755,0.20000000000000018,12.5,0.20000000000000018,-12.5,0.6406577365901952,2.0,28.9,0.07401596251216669,-1.0111898407130837,-1.5028931076063672,0.8070513869622479,-0.8872421390910814,-1.0645387923549456
A*02:123,A,0.6443026790788755,0.20000000000000018,12.5,0.20000000000000018,-12.5,0.6406577365901952,2.0,28.9,0.07401596251216669,-1.0111898407130837,-1.5028931076063672,0.8070513869622479,-0.8872421390910814,-1.0645387923549456
A*02:13,A,0.6373894675343144,0.7999999999999998,20.199999999999996,-0.7999999999999998,-20.199999999999996,0.6406577365901952,2.0,28.9,-0.14614820140695964,-0.2934114028530442,-0.17340190186332052,0.5876197285841175,-0.24215446931279672,0.2560840861071127
A*02:131,A,0.6753911309218622,0.7999999999999998,15.299999999999999,-0.7999999999999998,-15.299999999999999,0.6406577365901952,2.0,28.9,1.0640859124091913,-0.2934114028530442,-1.0194417600634411,1.793827287040431,-0.24215446931279672,-0.5843122910960152
A*02:137,A,0.6443026790788755,0.20000000000000018,12.5,0.20000000000000018,-12.5,0.6406577365901952,2.0,28.9,0.07401596251216669,-1.0111898407130837,-1.5028931076063672,0.8070513869622479,-0.8872421390910814,-1.0645387923549456
A*02:14,A,0.6443026790788755,0.20000000000000018,12.5,0.20000000000000018,-12.5,0.6406577365901952,2.0,28.9,0.07401596251216669,-1.0111898407130837,-1.5028931076063672,0.8070513869622479,-0.8872421390910814,-1.0645387923549456
A*02:16,A,0.6753911309218622,0.7999999999999998,15.299999999999999,-0.7999999999999998,-15.299999999999999,0.6406577365901952,2.0,28.9,1.0640859124091913,-0.2934114028530442,-1.0194417600634411,1.793827287040431,-0.24215446931279672,-0.5843122910960152
A*02:17,A,0.6443026790788755,0.20000000000000018,12.5,0.20000000000000018,-12.5,0.6406577365901952,2.0,28.9,0.07401596251216669,-1.0111898407130837,-1.5028931076063672,0.8070513869622479,-0.8872421390910814,-1.0645387923549456
A*02:18,A,0.6443026790788755,0.20000000000000018,12.5,0.20000000000000018,-12.5,0.6406577365901952,2.0,28.9,0.07401596251216669,-1.0111898407130837,-1.5028931076063672,0.8070513869622479,-0.8872421390910814,-1.0645387923549456
A*02:19,A,0.6196701199033692,0.20000000000000018,12.0,0.20000000000000018,-12.0,0.6406577365901952,2.0,28.9,-0.7104539992569578,-1.0111898407130837,-1.5892237053818898,0.025191425765023166,-0.8872421390910814,-1.1502935247226118
A*02:20,A,0.6107999351871904,0.8,12.100000000000001,-0.8,-12.100000000000001,0.6406577365901952,2.0,28.9,-0.9929416374924913,-0.2934114028530439,-1.5719575858267851,-0.25635635124792544,-0.24215446931279647,-1.1331425782490783
A*02:21,A,0.6443026790788755,0.20000000000000018,12.5,0.20000000000000018,-12.5,0.6406577365901952,2.0,28.9,0.07401596251216669,-1.0111898407130837,-1.5028931076063672,0.8070513869622479,-0.8872421390910814,-1.0645387923549456
A*02:22,A,0.6443026790788755,0.20000000000000018,12.5,0.20000000000000018,-12.5,0.6406577365901952,2.0,28.9,0.07401596251216669,-1.0111898407130837,-1.5028931076063672,0.8070513869622479,-0.8872421390910814,-1.0645387923549456
A*02:24,A,0.6443026790788755,0.20000000000000018,12.5,0.20000000000000018,-12.5,0.6406577365901952,2.0,28.9,0.07401596251216669,-1.0111898407130837,-1.5028931076063672,0.8070513869622479,-0.8872421390910814,-1.0645387923549456
A*02:27,A,0.6221342642724936,0.20000000000000018,14.899999999999997,0.20000000000000018,-14.899999999999997,0.6406577365901952,2.0,28.9,-0.6319787086763993,-1.0111898407130837,-1.0885062382838595,0.10340562215042183,-0.8872421390910814,-0.6529160769901485
A*02:29,A,0.6077983768903077,0.8,12.100000000000001,-0.8,-12.100000000000001,0.6406577365901952,2.0,28.9,-1.0885318806997326,-0.2934114028530439,-1.5719575858267851,-0.3516285573070314,-0.24215446931279647,-1.1331425782490783
A*02:30,A,0.6443026790788755,0.20000000000000018,12.5,0.20000000000000018,-12.5,0.6406577365901952,2.0,28.9,0.07401596251216669,-1.0111898407130837,-1.5028931076063672,0.8070513869622479,-0.8872421390910814,-1.0645387923549456
A*02:33,A,0.6443026790788755,0.20000000000000018,12.5,0.20000000000000018,-12.5,0.6406577365901952,2.0,28.9,0.07401596251216669,-1.0111898407130837,-1.5028931076063672,0.8070513869622479,-0.8872421390910814,-1.0645387923549456
A*02:34,A,0.6459294985561805,0.10000000000000009,12.8,0.10000000000000009,-12.8,0.6406577365901952,2.0,28.9,0.12582507434963017,-1.1308195803564238,-1.4510947489410535,0.8586881253270287,-0.9947567507207957,-1.013085952934346
A*02:35,A,0.6459294985561805,0.10000000000000009,12.8,0.10000000000000009,-12.8,0.6406577365901952,2.0,28.9,0.12582507434963017,-1.1308195803564238,-1.4510947489410535,0.8586881253270287,-0.9947567507207957,-1.013085952934346
A*02:36,A,0.6196701199033692,0.20000000000000018,12.0,0.20000000000000018,-12.0,0.6406577365901952,2.0,28.9,-0.7104539992569578,-1.0111898407130837,-1.5892237053818898,0.025191425765023166,-0.8872421390910814,-1.1502935247226118
A*02:38,A,0.6756257694628762,0.20000000000000018,23.999999999999996,0.20000000000000018,-23.999999999999996,0.6104115460250272,2.0,31.4,1.0715584160166063,-1.0111898407130837,0.48271064123065105,1.8012749289709948,-0.8872421390910814,0.9078200521013757
A*02:39,A,0.6443026790788755,0.20000000000000018,12.5,0.20000000000000018,-12.5,0.6406577365901952,2.0,28.9,0.07401596251216669,-1.0111898407130837,-1.5028931076063672,0.8070513869622479,-0.8872421390910814,-1.0645387923549456
A*02:44,A,0.6443026790788755,0.20000000000000018,12.5,0.20000000000000018,-12.5,0.6406577365901952,2.0,28.9,0.07401596251216669,-1.0111898407130837,-1.5028931076063672,0.8070513869622479,-0.8872421390910814,-1.0645387923549456
A*02:45,A,0.624956887586138,0.20000000000000018,15.6,0.20000000000000018,-15.6,0.6406577365901952,2.0,28.9,-0.5420869849961003,-1.0111898407130837,-0.9676434013981274,0.192998268158345,-0.8872421390910814,-0.5328594516754155
A*02:49,A,0.6443026790788755,0.20000000000000018,12.5,0.20000000000000018,-12.5,0.6406577365901952,2.0,28.9,0.07401596251216669,-1.0111898407130837,-1.5028931076063672,0.8070513869622479,-0.8872421390910814,-1.0645387923549456
A*02:58,A,0.6443026790788755,0.20000000000000018,12.5,0.20000000000000018,-12.5,0.6406577365901952,2.0,28.9,0.07401596251216669,-1.0111898407130837,-1.5028931076063672,0.8070513869622479,-0.8872421390910814,-1.0645387923549456
A*02:60,A,0.6443026790788755,0.20000000000000018,12.5,0.20000000000000018,-12.5,0.6406577365901952,2.0,28.9,0.07401596251216669,-1.0111898407130837,-1.5028931076063672,0.8070513869622479,-0.8872421390910814,-1.0645387923549456
A*02:63,A,0.6443026790788755,0.20000000000000018,12.5,0.20000000000000018,-12.5,0.6406577365901952,2.0,28.9,0.07401596251216669,-1.0111898407130837,-1.5028931076063672,0.8070513869622479,-0.8872421390910814,-1.0645387923549456
A*02:64,A,0.6443026790788755,0.20000000000000018,12.5,0.20000000000000018,-12.5,0.6406577365901952,2.0,28.9,0.07401596251216669,-1.0111898407130837,-1.5028931076063672,0.8070513869622479,-0.8872421390910814,-1.0645387923549456
A*02:74,A,0.6443026790788755,0.20000000000000018,12.5,0.20000000000000018,-12.5,0.6406577365901952,2.0,28.9,0.07401596251216669,-1.0111898407130837,-1.5028931076063672,0.8070513869622479,-0.8872421390910814,-1.0645387923549456
A*02:84,A,0.6443026790788755,0.20000000000000018,12.5,0.20000000000000018,-12.5,0.6406577365901952,2.0,28.9,0.07401596251216669,-1.0111898407130837,-1.5028931076063672,0.8070513869622479,-0.8872421390910814,-1.0645387923549456
A*02:85,A,0.6443026790788755,0.20000000000000018,12.5,0.20000000000000018,-12.5,0.6694609039124978,2.0,26.5,0.07401596251216669,-1.0111898407130837,-1.5028931076063672,0.8070513869622479,-0.8872421390910814,-1.0645387923549456
A*02:86,A,0.6443026790788755,0.20000000000000018,12.5,0.20000000000000018,-12.5,0.6406577365901952,2.0,28.9,0.07401596251216669,-1.0111898407130837,-1.5028931076063672,0.8070513869622479,-0.8872421390910814,-1.0645387923549456
A*02:87,A,0.6373894675343146,0.7999999999999999,20.199999999999996,-0.7999999999999999,-20.199999999999996,0.6406577365901952,2.0,28.9,-0.14614820140695256,-0.293411402853044,-0.17340190186332052,0.5876197285841246,-0.2421544693127966,0.2560840861071127
A*02:93,A,0.6443026790788755,0.20000000000000018,12.5,0.20000000000000018,-12.5,0.6406577365901952,2.0,28.9,0.07401596251216669,-1.0111898407130837,-1.5028931076063672,0.8070513869622479,-0.8872421390910814,-1.0645387923549456
A*02:96,A,0.6443026790788755,0.20000000000000018,12.5,0.20000000000000018,-12.5,0.6406577365901952,2.0,28.9,0.07401596251216669,-1.0111898407130837,-1.5028931076063672,0.8070513869622479,-0.8872421390910814,-1.0645387923549456
A*03:01,A,0.5761312314323385,1.9,23.199999999999996,-1.9,-23.199999999999996,0.6406577365901952,2.0,28.9,-2.097031412143152,1.022515733223696,0.3445816847898148,-1.356772722092571,0.9405062586140595,0.7706124803131098
A*03:02,A,0.5921613780359263,0.9,15.499999999999998,-0.9,-15.499999999999998,0.6406577365901952,2.0,28.9,-1.586521383377068,-0.17378166320970392,-0.9849095209532321,-0.8479612051012851,-0.13463985768308231,-0.5500103981489489
A*03:05,A,0.5761312314323385,1.9,23.199999999999996,-1.9,-23.199999999999996,0.6406577365901952,2.0,28.9,-2.097031412143152,1.022515733223696,0.3445816847898148,-1.356772722092571,0.9405062586140595,0.7706124803131098
A*03:06,A,0.5761312314323385,1.9,23.199999999999996,-1.9,-23.199999999999996,0.6364791662737437,2.0,26.7,-2.097031412143152,1.022515733223696,0.3445816847898148,-1.356772722092571,0.9405062586140595,0.7706124803131098
A*03:07,A,0.5921613780359263,0.9,15.499999999999998,-0.9,-15.499999999999998,0.6406577365901952,2.0,28.9,-1.586521383377068,-0.17378166320970392,-0.9849095209532321,-0.8479612051012851,-0.13463985768308231,-0.5500103981489489
A*03:08,A,0.5773260391003862,1.8,22.899999999999995,-1.8,-22.899999999999995,0.6406577365901952,2.0,28.9,-2.0589805251444986,0.9028859935803561,0.2927833261245012,-1.3188484337422635,0.8329916469843454,0.7191596408925099
A*03:09,A,0.5761312314323385,1.9,23.199999999999996,-1.9,-23.199999999999996,0.6406577365901952,2.0,28.9,-2.097031412143152,1.022515733223696,0.3445816847898148,-1.356772722092571,0.9405062586140595,0.7706124803131098
A*03:108,A,0.5773260391003862,1.8,22.899999999999995,-1.8,-22.899999999999995,0.6406577365901952,2.0,28.9,-2.0589805251444986,0.9028859935803561,0.2927833261245012,-1.3188484337422635,0.8329916469843454,0.7191596408925099
A*03:17,A,0.5761312314323385,1.9,23.199999999999996,-1.9,-23.199999999999996,0.6406577365901952,2.0,28.9,-2.097031412143152,1.022515733223696,0.3445816847898148,-1.356772722092571,0.9405062586140595,0.7706124803131098
A*03:22,A,0.5761312314323385,1.9,23.199999999999996,-1.9,-23.199999999999996,0.6406577365901952,2.0,28.9,-2.097031412143152,1.022515733223696,0.3445816847898148,-1.356772722092571,0.9405062586140595,0.7706124803131098
A*03:26,A,0.5761312314323385,1.9,23.199999999999996,-1.9,-23.199999999999996,0.6406577365901952,2.0,28.9,-2.097031412143152,1.022515733223696,0.3445816847898148,-1.356772722092571,0.9405062586140595,0.7706124803131098
A*11:01,A,0.6174757497091048,0.10000000000000009,21.699999999999996,0.10000000000000009,-21.699999999999996,0.6406577365901952,2.0,28.9,-0.7803378261925529,-1.1308195803564238,0.08558989146324715,-0.044459891530741764,-0.9947567507207957,0.5133482832101113
A*11:02,A,0.6174757497091048,0.10000000000000009,21.699999999999996,0.10000000000000009,-21.699999999999996,0.6406577365901952,2.0,28.9,-0.7803378261925529,-1.1308195803564238,0.08558989146324715,-0.044459891530741764,-0.9947567507207957,0.5133482832101113
A*11:03,A,0.6560329041895329,0.0,28.299999999999997,0.0,-28.299999999999997,0.6406577365901952,2.0,28.9,0.4475869414160041,-1.250449319999764,1.2251537821001452,1.17937946235658,-1.10227136235051,1.645310750463305
A*11:04,A,0.5703580822619511,0.9,17.899999999999995,-0.9,-17.899999999999995,0.6406577365901952,2.0,28.9,-2.2808881554361746,-0.17378166320970392,-0.5705226516307245,-1.540017757826951,-0.13463985768308231,-0.1383876827841518
A*11:05,A,0.6174757497091048,0.10000000000000009,21.699999999999996,0.10000000000000009,-21.699999999999996,0.6406577365901952,2.0,28.9,-0.7803378261925529,-1.1308195803564238,0.08558989146324715,-0.044459891530741764,-0.9947567507207957,0.5133482832101113
A*11:08,A,0.6204860350830698,0.9,26.999999999999996,-0.9,-26.999999999999996,0.6406577365901952,2.0,28.9,-0.6844696528775926,-0.17378166320970392,1.0006942278837865,0.05108931993816548,-0.13463985768308231,1.4223484463073728
A*11:09,A,0.6174757497091048,0.10000000000000009,21.699999999999996,0.10000000000000009,-21.699999999999996,0.6406577365901952,2.0,28.9,-0.7803378261925529,-1.1308195803564238,0.08558989146324715,-0.044459891530741764,-0.9947567507207957,0.5133482832101113
A*11:10,A,0.6189043472782803,2.1,22.699999999999996,2.1,-22.699999999999996,0.6406577365901952,2.0,28.9,-0.7348414621124085,1.2617752125103763,0.2582510870142923,0.0008851021438351061,1.155535481873488,0.6848577479454436
A*11:12,A,0.6174757497091048,0.10000000000000009,21.699999999999996,0.10000000000000009,-21.699999999999996,0.6406577365901952,2.0,28.9,-0.7803378261925529,-1.1308195803564238,0.08558989146324715,-0.044459891530741764,-0.9947567507207957,0.5133482832101113
A*11:19,A,0.6174161300036995,0.19999999999999996,21.399999999999995,0.19999999999999996,-21.399999999999995,0.6406577365901952,2.0,28.9,-0.7822365273257443,-1.011189840713084,0.033791532797933496,-0.0463522755182361,-0.8872421390910817,0.4618954437895114
A*11:29,A,0.6174757497091048,0.10000000000000009,21.699999999999996,0.10000000000000009,-21.699999999999996,0.6406577365901952,2.0,28.9,-0.7803378261925529,-1.1308195803564238,0.08558989146324715,-0.044459891530741764,-0.9947567507207957,0.5133482832101113
A*11:30,A,0.6174757497091048,0.10000000000000009,21.699999999999996,0.10000000000000009,-21.699999999999996,0.6406577365901952,2.0,28.9,-0.7803378261925529,-1.1308195803564238,0.08558989146324715,-0.044459891530741764,-0.9947567507207957,0.5133482832101113
A*23:01,A,0.6292343760087306,1.9,19.999999999999996,-1.9,-19.999999999999996,0.6406577365901952,2.0,28.9,-0.40586235825590733,1.022515733223696,-0.20793414097352944,0.3287696635818194,0.9405062586140595,0.22178219316004638
A*23:03,A,0.6292343760087306,1.9,19.999999999999996,-1.9,-19.999999999999996,0.6406577365901952,2.0,28.9,-0.40586235825590733,1.022515733223696,-0.20793414097352944,0.3287696635818194,0.9405062586140595,0.22178219316004638
A*23:04,A,0.651963688959946,1.9,20.499999999999996,-1.9,-20.499999999999996,0.6406577365901952,2.0,28.9,0.31799516441710896,1.022515733223696,-0.12160354319800687,1.0502188485998285,0.9405062586140595,0.30753692552771256
A*23:05,A,0.6292343760087306,1.9,19.999999999999996,-1.9,-19.999999999999996,0.6406577365901952,2.0,28.9,-0.40586235825590733,1.022515733223696,-0.20793414097352944,0.3287696635818194,0.9405062586140595,0.22178219316004638
A*23:06,A,0.6292343760087306,1.9,19.999999999999996,-1.9,-19.999999999999996,0.6406577365901952,2.0,28.9,-0.40586235825590733,1.022515733223696,-0.20793414097352944,0.3287696635818194,0.9405062586140595,0.22178219316004638
A*23:13,A,0.6272230987772833,2.0,20.299999999999997,-2.0,-20.299999999999997,0.6406577365901952,2.0,28.9,-0.4699152470206853,1.1421454728670362,-0.1561357823082158,0.26492988441263504,1.0480208702437737,0.2732350325806462
A*23:15,A,0.6292343760087306,1.9,19.999999999999996,-1.9,-19.999999999999996,0.6406577365901952,2.0,28.9,-0.40586235825590733,1.022515733223696,-0.20793414097352944,0.3287696635818194,0.9405062586140595,0.22178219316004638
A*23:17,A,0.6292343760087306,1.9,19.999999999999996,-1.9,-19.999999999999996,0.6406577365901952,2.0,28.9,-0.40586235825590733,1.022515733223696,-0.20793414097352944,0.3287696635818194,0.9405062586140595,0.22178219316004638
A*24:02,A,0.5821621188355611,2.8,18.699999999999996,-2.8,-18.699999999999996,0.6406577365901952,2.0,28.9,-1.9049665123115358,2.099183390013756,-0.43239369518988824,-1.1653468390784656,1.908137763281487,-0.0011801109958858118
A*24:03,A,0.6061314041215752,2.8,19.199999999999996,-2.8,-19.199999999999996,0.6406577365901952,2.0,28.9,-1.1416197492740252,2.099183390013756,-0.34606309741436564,-0.4045397978724868,1.908137763281487,0.08457462137178036
A*24:04,A,0.5678532114724736,1.8,13.399999999999997,-1.8,-13.399999999999997,0.6406577365901952,2.0,28.9,-2.3606604551171557,0.9028859935803561,-1.3474980316104272,-1.6195246480493983,0.8329916469843454,-0.9101802740931471
A*24:05,A,0.5821621188355611,2.8,18.699999999999996,-2.8,-18.699999999999996,0.6406577365901952,2.0,28.9,-1.9049665123115358,2.099183390013756,-0.43239369518988824,-1.1653468390784656,1.908137763281487,-0.0011801109958858118
A*24:06,A,0.5821621188355611,2.8,18.699999999999996,-2.8,-18.699999999999996,0.6406577365901952,2.0,28.9,-1.9049665123115358,2.099183390013756,-0.43239369518988824,-1.1653468390784656,1.908137763281487,-0.0011801109958858118
A*24:07,A,0.5804601017930225,2.9,18.999999999999996,-2.9,-18.999999999999996,0.6406577365901952,2.0,28.9,-1.959170431391868,2.218813129657096,-0.38059533652457456,-1.2193704169517492,2.0156523749112014,0.05027272842471402
A*24:08,A,0.6149629604861636,0.7999999999999999,19.699999999999996,-0.7999999999999999,-19.699999999999996,0.6406577365901952,2.0,28.9,-0.8603623032113529,-0.293411402853044,-0.2597324996388431,-0.12421812007482125,-0.2421544693127966,0.17032935373944655
A*24:10,A,0.6571381394346907,1.7999999999999998,22.999999999999996,-1.7999999999999998,-22.999999999999996,0.6406577365901952,2.0,28.9,0.48278522691842884,0.9028859935803559,0.31004944567960596,1.214460640066778,0.8329916469843451,0.7363105873660434
A*24:13,A,0.5821621188355611,2.8,18.699999999999996,-2.8,-18.699999999999996,0.6406577365901952,2.0,28.9,-1.9049665123115358,2.099183390013756,-0.43239369518988824,-1.1653468390784656,1.908137763281487,-0.0011801109958858118
A*24:14,A,0.5821621188355611,2.8,18.699999999999996,-2.8,-18.699999999999996,0.6406577365901952,2.0,28.9,-1.9049665123115358,2.099183390013756,-0.43239369518988824,-1.1653468390784656,1.908137763281487,-0.0011801109958858118
A*24:17,A,0.5821621188355611,2.8,18.699999999999996,-2.8,-18.699999999999996,0.6406577365901952,2.0,28.9,-1.9049665123115358,2.099183390013756,-0.43239369518988824,-1.1653468390784656,1.908137763281487,-0.0011801109958858118
A*24:20,A,0.5821621188355611,2.8,18.699999999999996,-2.8,-18.699999999999996,0.6406577365901952,2.0,28.9,-1.9049665123115358,2.099183390013756,-0.43239369518988824,-1.1653468390784656,1.908137763281487,-0.0011801109958858118
A*24:22,A,0.6262328348791987,2.8,16.799999999999997,-2.8,-16.799999999999997,0.6406577365901952,2.0,28.9,-0.5014520547367209,2.099183390013756,-0.7604499667368737,0.23349800243013433,1.908137763281487,-0.32704809399301704
A*24:23,A,0.6122351170371396,2.8,19.199999999999996,-2.8,-19.199999999999996,0.6406577365901952,2.0,28.9,-0.9472355846646195,2.099183390013756,-0.34606309741436564,-0.21080236647853104,1.908137763281487,0.08457462137178036
A*24:25,A,0.5821621188355611,2.8,18.699999999999996,-2.8,-18.699999999999996,0.6406577365901952,2.0,28.9,-1.9049665123115358,2.099183390013756,-0.43239369518988824,-1.1653468390784656,1.908137763281487,-0.0011801109958858118
A*24:26,A,0.5821621188355611,2.8,18.699999999999996,-2.8,-18.699999999999996,0.6406577365901952,2.0,28.9,-1.9049665123115358,2.099183390013756,-0.43239369518988824,-1.1653468390784656,1.908137763281487,-0.0011801109958858118
A*24:29,A,0.6218713729289119,1.8,22.799999999999997,-1.8,-22.799999999999997,0.6406577365901952,2.0,28.9,-0.6403509756738959,0.9028859935803561,0.27551720656939704,0.09506121042172641,0.8329916469843454,0.7020086944189771
A*24:30,A,0.5821621188355611,2.8,18.699999999999996,-2.8,-18.699999999999996,0.6406577365901952,2.0,28.9,-1.9049665123115358,2.099183390013756,-0.43239369518988824,-1.1653468390784656,1.908137763281487,-0.0011801109958858118
A*24:31,A,0.5675182489377004,1.8,18.699999999999996,-1.8,-18.699999999999996,0.6406577365901952,2.0,28.9,-2.371327964123239,0.9028859935803561,-0.43239369518988824,-1.6301566653146073,0.8329916469843454,-0.0011801109958858118
A*24:32,A,0.5821621188355611,2.8,18.699999999999996,-2.8,-18.699999999999996,0.6406577365901952,2.0,28.9,-1.9049665123115358,2.099183390013756,-0.43239369518988824,-1.1653468390784656,1.908137763281487,-0.0011801109958858118
A*24:33,A,0.6061314041215752,2.8,19.199999999999996,-2.8,-19.199999999999996,0.6406577365901952,2.0,28.9,-1.1416197492740252,2.099183390013756,-0.34606309741436564,-0.4045397978724868,1.908137763281487,0.08457462137178036
A*24:35,A,0.5821621188355611,2.8,18.699999999999996,-2.8,-18.699999999999996,0.6406577365901952,2.0,28.9,-1.9049665123115358,2.099183390013756,-0.43239369518988824,-1.1653468390784656,1.908137763281487,-0.0011801109958858118
A*24:37,A,0.5821621188355611,2.8,18.699999999999996,-2.8,-18.699999999999996,0.6406577365901952,2.0,28.9,-1.9049665123115358,2.099183390013756,-0.43239369518988824,-1.1653468390784656,1.908137763281487,-0.0011801109958858118
A*24:47,A,0.5821621188355611,2.8,18.699999999999996,-2.8,-18.699999999999996,0.6406577365901952,2.0,28.9,-1.9049665123115358,2.099183390013756,-0.43239369518988824,-1.1653468390784656,1.908137763281487,-0.0011801109958858118
A*24:53,A,0.5821621188355611,2.8,18.699999999999996,-2.8,-18.699999999999996,0.6406577365901952,2.0,28.9,-1.9049665123115358,2.099183390013756,-0.43239369518988824,-1.1653468390784656,1.908137763281487,-0.0011801109958858118
A*24:56,A,0.5456510687756868,3.8,26.399999999999995,-3.8,-26.399999999999995,0.6406577365901952,2.0,28.9,-3.067729254117938,3.295480786447156,0.8970975105531591,-2.3242409669557196,2.983283879578629,1.3194427674661733
A*24:57,A,0.5821621188355611,2.8,18.699999999999996,-2.8,-18.699999999999996,0.6406577365901952,2.0,28.9,-1.9049665123115358,2.099183390013756,-0.43239369518988824,-1.1653468390784656,1.908137763281487,-0.0011801109958858118
A*24:58,A,0.5821621188355611,2.8,18.699999999999996,-2.8,-18.699999999999996,0.6406577365901952,2.0,28.9,-1.9049665123115358,2.099183390013756,-0.43239369518988824,-1.1653468390784656,1.908137763281487,-0.0011801109958858118
A*24:72,A,0.5821621188355611,2.8,18.699999999999996,-2.8,-18.699999999999996,0.6406577365901952,2.0,28.9,-1.9049665123115358,2.099183390013756,-0.43239369518988824,-1.1653468390784656,1.908137763281487,-0.0011801109958858118
A*24:81,A,0.5821621188355611,2.8,18.699999999999996,-2.8,-18.699999999999996,0.6406577365901952,2.0,28.9,-1.9049665123115358,2.099183390013756,-0.43239369518988824,-1.1653468390784656,1.908137763281487,-0.0011801109958858118
A*24:95,A,0.5821621188355611,2.8,18.699999999999996,-2.8,-18.699999999999996,0.6406577365901952,2.0,28.9,-1.9049665123115358,2.099183390013756,-0.43239369518988824,-1.1653468390784656,1.908137763281487,-0.0011801109958858118
A*25:01,A,0.6032901671853013,0.20000000000000018,35.4,0.20000000000000018,-35.4,0.6104115460250272,2.0,31.4,-1.232104258613685,-1.0111898407130837,2.451048270512566,-0.4947232572897352,-0.8872421390910814,2.863027950084165
A*25:02,A,0.6032446082062364,0.10000000000000009,35.699999999999996,0.10000000000000009,-35.699999999999996,0.6104115460250272,2.0,31.4,-1.2335551695933613,-1.1308195803564238,2.502846629177879,-0.496169340960947,-0.9947567507207957,2.914480789504764
A*26:01,A,0.6048434058150828,1.2000000000000002,30.099999999999994,1.2000000000000002,-30.099999999999994,0.6104115460250272,2.0,31.4,-1.182638466616943,0.18510755572031629,1.535943934092026,-0.4454220423344262,0.18790397720606042,1.9540277869869027
A*26:02,A,0.6048434058150828,1.2000000000000002,30.099999999999994,1.2000000000000002,-30.099999999999994,0.6104115460250272,2.0,31.4,-1.182638466616943,0.18510755572031629,1.535943934092026,-0.4454220423344262,0.18790397720606042,1.9540277869869027
A*26:03,A,0.6313884399345041,1.2000000000000002,27.699999999999996,1.2000000000000002,-27.699999999999996,0.6104115460250272,2.0,31.4,-0.3372621598981135,0.18510755572031629,1.1215570647695179,0.3971416230449812,0.18790397720606042,1.5424050716221054
A*26:07,A,0.6486446236220218,0.20000000000000018,26.399999999999995,0.20000000000000018,-26.399999999999995,0.6104115460250272,2.0,31.4,0.21229331508024865,-1.0111898407130837,0.8970975105531591,0.9448686786142055,-0.8872421390910814,1.3194427674661733
A*26:08,A,0.6048434058150828,1.2000000000000002,30.099999999999994,1.2000000000000002,-30.099999999999994,0.6104115460250272,2.0,31.4,-1.182638466616943,0.18510755572031629,1.535943934092026,-0.4454220423344262,0.18790397720606042,1.9540277869869027
A*26:09,A,0.5711402434256112,0.20000000000000018,26.299999999999994,0.20000000000000018,-26.299999999999994,0.6104115460250272,2.0,31.4,-2.2559787688888,-1.0111898407130837,0.8798313909980544,-1.515191246999875,-0.8872421390910814,1.3022918209926397
A*26:12,A,0.617421269739799,2.2,22.399999999999995,2.2,-22.399999999999995,0.6104115460250272,2.0,31.4,-0.7820728428075117,1.3814049521537164,0.20645272834897863,-0.04618913559279479,1.2630500935032023,0.6334049085248438
A*26:13,A,0.6053884770928039,1.1,30.399999999999995,1.1,-30.399999999999995,0.6104115460250272,2.0,31.4,-1.1652796513453052,0.06547781607697617,1.5877422927573397,-0.428120981368236,0.08038936557634613,2.0054806264075027
A*26:14,A,0.6048434058150828,1.2000000000000002,30.099999999999994,1.2000000000000002,-30.099999999999994,0.6406577365901952,2.0,28.9,-1.182638466616943,0.18510755572031629,1.535943934092026,-0.4454220423344262,0.18790397720606042,1.9540277869869027
A*26:15,A,0.6048434058150828,1.2000000000000002,30.099999999999994,1.2000000000000002,-30.099999999999994,0.6104115460250272,2.0,31.4,-1.182638466616943,0.18510755572031629,1.535943934092026,-0.4454220423344262,0.18790397720606042,1.9540277869869027
A*26:16,A,0.6048434058150828,1.2000000000000002,30.099999999999994,1.2000000000000002,-30.099999999999994,0.6104115460250272,2.0,31.4,-1.182638466616943,0.18510755572031629,1.535943934092026,-0.4454220423344262,0.18790397720606042,1.9540277869869027
A*26:17,A,0.6048434058150828,1.2000000000000002,30.099999999999994,1.2000000000000002,-30.099999999999994,0.6104115460250272,2.0,31.4,-1.182638466616943,0.18510755572031629,1.535943934092026,-0.4454220423344262,0.18790397720606042,1.9540277869869027
A*26:18,A,0.6402576809847516,3.0999999999999996,23.699999999999996,3.0999999999999996,-23.699999999999996,0.6406577365901952,2.0,28.9,-0.05480457447080691,2.458072608943776,0.4309122825653374,0.6786594472380396,2.2306815981706296,0.856367212680776
A*26:20,A,0.6048434058150828,1.2000000000000002,30.099999999999994,1.2000000000000002,-30.099999999999994,0.6104115460250272,2.0,31.4,-1.182638466616943,0.18510755572031629,1.535943934092026,-0.4454220423344262,0.18790397720606042,1.9540277869869027
A*26:31,A,0.5700245639137885,0.20000000000000018,27.199999999999996,0.20000000000000018,-27.199999999999996,0.6104115460250272,2.0,31.4,-2.291509671615968,-1.0111898407130837,1.0352264669939955,-1.5506039352880494,-0.8872421390910814,1.4566503392544392
A*29:01,A,0.6143974354603988,1.0,11.899999999999999,1.0,-11.899999999999999,0.6406577365901952,2.0,28.9,-0.8783725063810798,-0.05415192356636394,-1.6064898249369945,-0.14216840171426157,-0.027125246053368156,-1.1674444711961454
A*29:02,A,0.6143974354603988,1.0,11.899999999999999,1.0,-11.899999999999999,0.6406577365901952,2.0,28.9,-0.8783725063810798,-0.05415192356636394,-1.6064898249369945,-0.14216840171426157,-0.027125246053368156,-1.1674444711961454
A*29:04,A,0.609258031174557,1.1,11.600000000000001,1.1,-11.600000000000001,0.6406577365901952,2.0,28.9,-1.0420464573865187,0.06547781607697617,-1.6582881836023076,-0.30529779508646,0.08038936557634613,-1.2188973106167444
A*29:09,A,0.6143974354603988,1.0,11.899999999999999,1.0,-11.899999999999999,0.6406577365901952,2.0,28.9,-0.8783725063810798,-0.05415192356636394,-1.6064898249369945,-0.14216840171426157,-0.027125246053368156,-1.1674444711961454
A*29:10,A,0.6143974354603988,1.0,11.899999999999999,1.0,-11.899999999999999,0.6406577365901952,2.0,28.9,-0.8783725063810798,-0.05415192356636394,-1.6064898249369945,-0.14216840171426157,-0.027125246053368156,-1.1674444711961454
A*29:12,A,0.6143974354603988,1.0,11.899999999999999,1.0,-11.899999999999999,0.6406577365901952,2.0,28.9,-0.8783725063810798,-0.05415192356636394,-1.6064898249369945,-0.14216840171426157,-0.027125246053368156,-1.1674444711961454
A*30:01,A,0.6272870633555331,0.0,21.899999999999995,0.0,-21.899999999999995,0.6406577365901952,2.0,28.9,-0.4678781752776868,-1.250449319999764,0.12012213057345605,0.26696017863874527,-1.10227136235051,0.5476501761571776
A*30:02,A,0.6059715652214417,0.10000000000000009,32.9,0.10000000000000009,-32.9,0.6406577365901952,2.0,28.9,-1.146710118284551,-1.1308195803564238,2.019395281634953,-0.4096132307775195,-0.9947567507207957,2.434254288245834
A*30:03,A,0.6059715652214417,0.10000000000000009,32.9,0.10000000000000009,-32.9,0.6406577365901952,2.0,28.9,-1.146710118284551,-1.1308195803564238,2.019395281634953,-0.4096132307775195,-0.9947567507207957,2.434254288245834
A*30:04,A,0.5773260391003862,1.8,22.899999999999995,-1.8,-22.899999999999995,0.6406577365901952,2.0,28.9,-2.0589805251444986,0.9028859935803561,0.2927833261245012,-1.3188484337422635,0.8329916469843454,0.7191596408925099
A*30:07,A,0.6461040347870001,0.8999999999999999,29.199999999999996,-0.8999999999999999,-29.199999999999996,0.6406577365901952,2.0,28.9,0.13138350737085164,-0.17378166320970403,1.3805488580960856,0.8642280649526183,-0.13463985768308243,1.799669268725104
A*30:08,A,0.6272870633555331,0.0,21.899999999999995,0.0,-21.899999999999995,0.6406577365901952,2.0,28.9,-0.4678781752776868,-1.250449319999764,0.12012213057345605,0.26696017863874527,-1.10227136235051,0.5476501761571776
A*30:09,A,0.6227136388637461,0.9,24.199999999999996,-0.9,-24.199999999999996,0.6406577365901952,2.0,28.9,-0.6135274401658275,-0.17378166320970392,0.51724288034086,0.12179550166751804,-0.13463985768308231,0.9421219450484422
A*30:10,A,0.6059715652214417,0.10000000000000009,32.9,0.10000000000000009,-32.9,0.6406577365901952,2.0,28.9,-1.146710118284551,-1.1308195803564238,2.019395281634953,-0.4096132307775195,-0.9947567507207957,2.434254288245834
A*30:11,A,0.6272870633555331,0.0,21.899999999999995,0.0,-21.899999999999995,0.6406577365901952,2.0,28.9,-0.4678781752776868,-1.250449319999764,0.12012213057345605,0.26696017863874527,-1.10227136235051,0.5476501761571776
A*30:15,A,0.6272870633555331,0.0,21.899999999999995,0.0,-21.899999999999995,0.6406577365901952,2.0,28.9,-0.4678781752776868,-1.250449319999764,0.12012213057345605,0.26696017863874527,-1.10227136235051,0.5476501761571776
A*30:16,A,0.6272870633555331,0.0,21.899999999999995,0.0,-21.899999999999995,0.6406577365901952,2.0,28.9,-0.4678781752776868,-1.250449319999764,0.12012213057345605,0.26696017863874527,-1.10227136235051,0.5476501761571776
A*31:01,A,0.6758365466267984,0.10000000000000009,11.299999999999999,0.10000000000000009,-11.299999999999999,0.6406577365901952,2.0,28.9,1.0782710093994419,-1.1308195803564238,-1.7100865422676217,1.8079651889651454,-0.9947567507207957,-1.2703501500373446
A*31:02,A,0.6969900391753073,1.1,11.700000000000003,1.1,-11.700000000000003,0.6406577365901952,2.0,28.9,1.7519435812413882,0.06547781607697617,-1.6410220640472029,2.479396392898223,0.08038936557634613,-1.2017463641432111
A*31:04,A,0.6758365466267984,0.10000000000000009,11.299999999999999,0.10000000000000009,-11.299999999999999,0.6406577365901952,2.0,28.9,1.0782710093994419,-1.1308195803564238,-1.7100865422676217,1.8079651889651454,-0.9947567507207957,-1.2703501500373446
A*31:06,A,0.6758365466267984,0.10000000000000009,11.299999999999999,0.10000000000000009,-11.299999999999999,0.6406577365901952,2.0,28.9,1.0782710093994419,-1.1308195803564238,-1.7100865422676217,1.8079651889651454,-0.9947567507207957,-1.2703501500373446
A*31:08,A,0.651963688959946,1.9,20.499999999999996,-1.9,-20.499999999999996,0.6406577365901952,2.0,28.9,0.31799516441710896,1.022515733223696,-0.12160354319800687,1.0502188485998285,0.9405062586140595,0.30753692552771256
A*31:09,A,0.685134285800233,0.10000000000000009,13.500000000000002,0.10000000000000009,-13.500000000000002,0.6406577365901952,2.0,28.9,1.374374919754651,-1.1308195803564238,-1.3302319120553219,2.1030839355626165,-0.9947567507207957,-0.893029327619613
A*31:11,A,0.6758365466267984,0.10000000000000009,11.299999999999999,0.10000000000000009,-11.299999999999999,0.6406577365901952,2.0,28.9,1.0782710093994419,-1.1308195803564238,-1.7100865422676217,1.8079651889651454,-0.9947567507207957,-1.2703501500373446
A*31:12,A,0.6758365466267984,0.10000000000000009,11.299999999999999,0.10000000000000009,-11.299999999999999,0.6406577365901952,2.0,28.9,1.0782710093994419,-1.1308195803564238,-1.7100865422676217,1.8079651889651454,-0.9947567507207957,-1.2703501500373446
A*31:13,A,0.6758365466267984,0.10000000000000009,11.299999999999999,0.10000000000000009,-11.299999999999999,0.6406577365901952,2.0,28.9,1.0782710093994419,-1.1308195803564238,-1.7100865422676217,1.8079651889651454,-0.9947567507207957,-1.2703501500373446
A*31:15,A,0.7070728942949138,1.0,12.600000000000001,1.0,-12.600000000000001,0.6406577365901952,2.0,28.9,2.073050978724733,-0.05415192356636394,-1.4856269880512625,2.799435437822621,-0.027125246053368156,-1.047387845881412
A*31:16,A,0.6758365466267984,0.10000000000000009,11.299999999999999,0.10000000000000009,-11.299999999999999,0.6406577365901952,2.0,28.9,1.0782710093994419,-1.1308195803564238,-1.7100865422676217,1.8079651889651454,-0.9947567507207957,-1.2703501500373446
A*31:18,A,0.6786698591613335,1.1,14.899999999999999,1.1,-14.899999999999999,0.6406577365901952,2.0,28.9,1.1685031513303892,0.06547781607697617,-1.0885062382838593,1.8978971206222506,0.08038936557634613,-0.6529160769901483
A*31:20,A,0.6758365466267984,0.10000000000000009,11.299999999999999,0.10000000000000009,-11.299999999999999,0.6406577365901952,2.0,28.9,1.0782710093994419,-1.1308195803564238,-1.7100865422676217,1.8079651889651454,-0.9947567507207957,-1.2703501500373446
A*32:01,A,0.6227136388637461,0.9,24.199999999999996,-0.9,-24.199999999999996,0.6406577365901952,2.0,28.9,-0.6135274401658275,-0.17378166320970392,0.51724288034086,0.12179550166751804,-0.13463985768308231,0.9421219450484422
A*32:02,A,0.5773260391003862,1.8,22.899999999999995,-1.8,-22.899999999999995,0.6406577365901952,2.0,28.9,-2.0589805251444986,0.9028859935803561,0.2927833261245012,-1.3188484337422635,0.8329916469843454,0.7191596408925099
A*32:03,A,0.6227136388637461,0.9,24.199999999999996,-0.9,-24.199999999999996,0.6406577365901952,2.0,28.9,-0.6135274401658275,-0.17378166320970392,0.51724288034086,0.12179550166751804,-0.13463985768308231,0.9421219450484422
A*32:04,A,0.5404538415798387,2.8,30.599999999999994,-2.8,-30.599999999999994,0.6406577365901952,2.0,28.9,-3.2332446839432945,2.099183390013756,1.6222745318675484,-2.4892057123858082,1.908137763281487,2.039782519354569
A*32:06,A,0.5773260391003862,1.8,22.899999999999995,-1.8,-22.899999999999995,0.6406577365901952,2.0,28.9,-2.0589805251444986,0.9028859935803561,0.2927833261245012,-1.3188484337422635,0.8329916469843454,0.7191596408925099
A*32:07,A,0.6227136388637461,0.9,24.199999999999996,-0.9,-24.199999999999996,0.6406577365901952,2.0,28.9,-0.6135274401658275,-0.17378166320970392,0.51724288034086,0.12179550166751804,-0.13463985768308231,0.9421219450484422
A*32:08,A,0.6227136388637461,0.9,24.199999999999996,-0.9,-24.199999999999996,0.6406577365901952,2.0,28.9,-0.6135274401658275,-0.17378166320970392,0.51724288034086,0.12179550166751804,-0.13463985768308231,0.9421219450484422
A*33:01,A,0.6765578048114838,2.1,12.3,2.1,-12.3,0.6406577365901952,2.0,28.9,1.1012408265643763,1.2617752125103763,-1.5374253467165762,1.8308585835277384,1.155535481873488,-1.098840685302012
A*33:03,A,0.6765578048114838,2.1,12.3,2.1,-12.3,0.6406577365901952,2.0,28.9,1.1012408265643763,1.2617752125103763,-1.5374253467165762,1.8308585835277384,1.155535481873488,-1.098840685302012
A*33:05,A,0.6765578048114838,2.1,12.3,2.1,-12.3,0.6406577365901952,2.0,28.9,1.1012408265643763,1.2617752125103763,-1.5374253467165762,1.8308585835277384,1.155535481873488,-1.098840685302012
A*33:09,A,0.6921565072496334,0.10000000000000009,8.200000000000001,0.10000000000000009,-8.200000000000001,0.6406577365901952,2.0,28.9,1.598010708171762,-1.1308195803564238,-2.245336248475861,2.325975668038631,-0.9947567507207957,-1.8020294907168746
A*34:01,A,0.6280412020651555,1.1,24.599999999999994,1.1,-24.599999999999994,0.6104115460250272,2.0,31.4,-0.44386121624022123,0.06547781607697617,0.5863073585612778,0.2908972311407436,0.08038936557634613,1.0107257309425748
A*34:02,A,0.5993608450288215,0.10000000000000009,24.199999999999996,0.10000000000000009,-24.199999999999996,0.6104115460250272,2.0,31.4,-1.3572408788044659,-1.1308195803564238,0.51724288034086,-0.6194435369369892,-0.9947567507207957,0.9421219450484422
A*34:05,A,0.6280412020651555,1.1,24.599999999999994,1.1,-24.599999999999994,0.6104115460250272,2.0,31.4,-0.44386121624022123,0.06547781607697617,0.5863073585612778,0.2908972311407436,0.08038936557634613,1.0107257309425748
A*36:01,A,0.5709622596732127,0.8,17.599999999999994,-0.8,-17.599999999999994,0.6694609039124978,2.0,26.5,-2.261646994688839,-0.2934114028530439,-0.6223210102960381,-1.520840614114049,-0.24215446931279647,-0.18984052220475164
A*36:02,A,0.5405773866510045,0.8,19.999999999999993,-0.8,-19.999999999999993,0.6694609039124978,2.0,26.5,-3.2293101598622314,-0.2934114028530439,-0.20793414097353005,-2.485284278812479,-0.24215446931279647,0.22178219316004577
A*36:03,A,0.5709622596732127,0.8,17.599999999999994,-0.8,-17.599999999999994,0.6694609039124978,2.0,26.5,-2.261646994688839,-0.2934114028530439,-0.6223210102960381,-1.520840614114049,-0.24215446931279647,-0.18984052220475164
A*36:04,A,0.6174161300036994,0.19999999999999996,21.399999999999995,0.19999999999999996,-21.399999999999995,0.6694609039124978,2.0,26.5,-0.7822365273257479,-1.011189840713084,0.033791532797933496,-0.04635227551823962,-0.8872421390910817,0.4618954437895114
A*43:01,A,0.6167003344371886,0.20000000000000018,21.799999999999997,0.20000000000000018,-21.799999999999997,0.6104115460250272,2.0,31.4,-0.8050323771882986,-1.0111898407130837,0.10285601101835191,-0.06907228158296785,-0.8872421390910814,0.5304992296836447
A*66:01,A,0.6322808872161993,1.1,27.999999999999996,1.1,-27.999999999999996,0.6104115460250272,2.0,31.4,-0.3088405054543245,0.06547781607697617,1.1733554234348316,0.4254687161442091,0.08038936557634613,1.5938579110427051
A*66:02,A,0.6246289533605309,0.8999999999999999,26.999999999999996,-0.8999999999999999,-26.999999999999996,0.6104115460250272,2.0,31.4,-0.5525306643390313,-0.17378166320970403,1.0006942278837865,0.18258933585530876,-0.13463985768308243,1.4223484463073728
A*66:03,A,0.6249566168664364,0.7999999999999998,26.699999999999996,-0.7999999999999998,-26.699999999999996,0.6104115460250272,2.0,31.4,-0.5420956065718127,-0.2934114028530442,0.9488958692184728,0.19298967526737346,-0.24215446931279672,1.370895606886773
A*66:04,A,0.6322808872161993,1.1,27.999999999999996,1.1,-27.999999999999996,0.6104115460250272,2.0,31.4,-0.3088405054543245,0.06547781607697617,1.1733554234348316,0.4254687161442091,0.08038936557634613,1.5938579110427051
A*68:01,A,0.6053011203834031,1.1,16.499999999999996,1.1,-16.499999999999996,0.6406577365901952,2.0,28.9,-1.1680616892974163,0.06547781607697617,-0.8122483254021874,-0.430893763235347,0.08038936557634613,-0.37850093341361685
A*68:02,A,0.6053011203834031,1.1,16.499999999999996,1.1,-16.499999999999996,0.6406577365901952,2.0,28.9,-1.1680616892974163,0.06547781607697617,-0.8122483254021874,-0.430893763235347,0.08038936557634613,-0.37850093341361685
A*68:03,A,0.6041344639576146,1.2000000000000002,16.199999999999996,1.2000000000000002,-16.199999999999996,0.6406577365901952,2.0,28.9,-1.2052160472841438,0.18510755572031629,-0.8640466840675011,-0.4679245054046183,0.18790397720606042,-0.4299537728342167
A*68:05,A,0.6041344639576146,1.2000000000000002,16.199999999999996,1.2000000000000002,-16.199999999999996,0.6406577365901952,2.0,28.9,-1.2052160472841438,0.18510755572031629,-0.8640466840675011,-0.4679245054046183,0.18790397720606042,-0.4299537728342167
A*68:06,A,0.6053011203834031,1.1,16.499999999999996,1.1,-16.499999999999996,0.6406577365901952,2.0,28.9,-1.1680616892974163,0.06547781607697617,-0.8122483254021874,-0.430893763235347,0.08038936557634613,-0.37850093341361685
A*68:07,A,0.6053011203834031,1.1,16.499999999999996,1.1,-16.499999999999996,0.6406577365901952,2.0,28.9,-1.1680616892974163,0.06547781607697617,-0.8122483254021874,-0.430893763235347,0.08038936557634613,-0.37850093341361685
A*68:08,A,0.6053011203834031,1.1,16.499999999999996,1.1,-16.499999999999996,0.6406577365901952,2.0,28.9,-1.1680616892974163,0.06547781607697617,-0.8122483254021874,-0.430893763235347,0.08038936557634613,-0.37850093341361685
A*68:10,A,0.6151393258116525,1.9,15.499999999999998,-1.9,-15.499999999999998,0.6406577365901952,2.0,28.9,-0.8547456192461208,1.022515733223696,-0.9849095209532321,-0.11862012331123599,0.9405062586140595,-0.5500103981489489
A*68:12,A,0.6053011203834031,1.1,16.499999999999996,1.1,-16.499999999999996,0.6406577365901952,2.0,28.9,-1.1680616892974163,0.06547781607697617,-0.8122483254021874,-0.430893763235347,0.08038936557634613,-0.37850093341361685
A*68:15,A,0.6041344639576146,1.2000000000000002,16.199999999999996,1.2000000000000002,-16.199999999999996,0.6406577365901952,2.0,28.9,-1.2052160472841438,0.18510755572031629,-0.8640466840675011,-0.4679245054046183,0.18790397720606042,-0.4299537728342167
A*68:17,A,0.6053011203834031,1.1,16.499999999999996,1.1,-16.499999999999996,0.6406577365901952,2.0,28.9,-1.1680616892974163,0.06547781607697617,-0.8122483254021874,-0.430893763235347,0.08038936557634613,-0.37850093341361685
A*68:20,A,0.6041344639576146,1.2000000000000002,16.199999999999996,1.2000000000000002,-16.199999999999996,0.6406577365901952,2.0,28.9,-1.2052160472841438,0.18510755572031629,-0.8640466840675011,-0.4679245054046183,0.18790397720606042,-0.4299537728342167
A*68:22,A,0.6053011203834031,1.1,16.499999999999996,1.1,-16.499999999999996,0.6406577365901952,2.0,28.9,-1.1680616892974163,0.06547781607697617,-0.8122483254021874,-0.430893763235347,0.08038936557634613,-0.37850093341361685
A*68:24,A,0.6053011203834031,1.1,16.499999999999996,1.1,-16.499999999999996,0.6434721823965922,2.0,29.499999999999996,-1.1680616892974163,0.06547781607697617,-0.8122483254021874,-0.430893763235347,0.08038936557634613,-0.37850093341361685
A*68:25,A,0.6053011203834031,1.1,16.499999999999996,1.1,-16.499999999999996,0.6406577365901952,2.0,28.9,-1.1680616892974163,0.06547781607697617,-0.8122483254021874,-0.430893763235347,0.08038936557634613,-0.37850093341361685
A*68:27,A,0.6053011203834031,1.1,16.499999999999996,1.1,-16.499999999999996,0.6406577365901952,2.0,28.9,-1.1680616892974163,0.06547781607697617,-0.8122483254021874,-0.430893763235347,0.08038936557634613,-0.37850093341361685
A*68:30,A,0.6110953236540893,0.9,12.399999999999999,-0.9,-12.399999999999999,0.6406577365901952,2.0,28.9,-0.9835344387648186,-0.17378166320970392,-1.5201592271614721,-0.24698045109796227,-0.13463985768308231,-1.0816897388284792
A*68:31,A,0.6041344639576146,1.2000000000000002,16.199999999999996,1.2000000000000002,-16.199999999999996,0.6406577365901952,2.0,28.9,-1.2052160472841438,0.18510755572031629,-0.8640466840675011,-0.4679245054046183,0.18790397720606042,-0.4299537728342167
A*68:35,A,0.6053011203834031,1.1,16.499999999999996,1.1,-16.499999999999996,0.6406577365901952,2.0,28.9,-1.1680616892974163,0.06547781607697617,-0.8122483254021874,-0.430893763235347,0.08038936557634613,-0.37850093341361685
A*68:37,A,0.6053011203834031,1.1,16.499999999999996,1.1,-16.499999999999996,0.6406577365901952,2.0,28.9,-1.1680616892974163,0.06547781607697617,-0.8122483254021874,-0.430893763235347,0.08038936557634613,-0.37850093341361685
A*68:40,A,0.6108083790065401,1.1,18.699999999999996,1.1,-18.699999999999996,0.6406577365901952,2.0,28.9,-0.9926727282575564,0.06547781607697617,-0.43239369518988824,-0.2560883366976708,0.08038936557634613,-0.0011801109958858118
A*69:01,A,0.6053011203834031,1.1,16.499999999999996,1.1,-16.499999999999996,0.6406577365901952,2.0,28.9,-1.1680616892974163,0.06547781607697617,-0.8122483254021874,-0.430893763235347,0.08038936557634613,-0.37850093341361685
A*74:01,A,0.6357108620971315,0.10000000000000009,16.499999999999996,0.10000000000000009,-16.499999999999996,0.6406577365901952,2.0,28.9,-0.19960653408567317,-1.1308195803564238,-0.8122483254021874,0.534339256480906,-0.9947567507207957,-0.37850093341361685
A*74:03,A,0.6357108620971315,0.10000000000000009,16.499999999999996,0.10000000000000009,-16.499999999999996,0.6406577365901952,2.0,28.9,-0.19960653408567317,-1.1308195803564238,-0.8122483254021874,0.534339256480906,-0.9947567507207957,-0.37850093341361685
A*74:05,A,0.6520416920482008,0.10000000000000009,13.999999999999998,0.10000000000000009,-13.999999999999998,0.6406577365901952,2.0,28.9,0.3204793187928326,-1.1308195803564238,-1.2439013142797999,1.0526947379754155,-0.9947567507207957,-0.8072745952519474
A*74:06,A,0.6357108620971315,0.10000000000000009,16.499999999999996,0.10000000000000009,-16.499999999999996,0.6406577365901952,2.0,28.9,-0.19960653408567317,-1.1308195803564238,-0.8122483254021874,0.534339256480906,-0.9947567507207957,-0.37850093341361685
A*74:09,A,0.6357108620971315,0.10000000000000009,16.499999999999996,0.10000000000000009,-16.499999999999996,0.6406577365901952,2.0,28.9,-0.19960653408567317,-1.1308195803564238,-0.8122483254021874,0.534339256480906,-0.9947567507207957,-0.37850093341361685
A*74:11,A,0.6357108620971315,0.10000000000000009,16.499999999999996,0.10000000000000009,-16.499999999999996,0.6406577365901952,2.0,28.9,-0.19960653408567317,-1.1308195803564238,-0.8122483254021874,0.534339256480906,-0.9947567507207957,-0.37850093341361685
A*80:01,A,0.6367417697155701,0.8999999999999999,29.899999999999995,-0.8999999999999999,-29.899999999999995,0.6406577365901952,2.0,28.9,-0.1667753510055088,-0.17378166320970403,1.501411694981817,0.5670612073268338,-0.13463985768308243,1.9197258940398365
B*07:02,B,0.6443582036208259,2.0,26.999999999999996,-2.0,-26.999999999999996,0.6406577365901952,2.0,28.9,0.0757842454985463,1.1421454728670362,1.0006942278837865,-0.2135501520648101,1.1137756943203028,1.5674259195063853
B*07:03,B,0.6203846936750264,2.0,29.499999999999996,-2.0,-29.499999999999996,0.6406577365901952,2.0,28.9,-0.6876970597388534,1.1421454728670362,1.4323472167613993,-1.1378150275989287,1.1137756943203028,2.1469554080866695
B*07:04,B,0.6443582036208259,2.0,26.999999999999996,-2.0,-26.999999999999996,0.6406577365901952,2.0,28.9,0.0757842454985463,1.1421454728670362,1.0006942278837865,-0.2135501520648101,1.1137756943203028,1.5674259195063853
B*07:05,B,0.6443582036208259,2.0,26.999999999999996,-2.0,-26.999999999999996,0.6406577365901952,2.0,28.9,0.0757842454985463,1.1421454728670362,1.0006942278837865,-0.2135501520648101,1.1137756943203028,1.5674259195063853
B*07:06,B,0.6443582036208259,2.0,26.999999999999996,-2.0,-26.999999999999996,0.6406577365901952,2.0,28.9,0.0757842454985463,1.1421454728670362,1.0006942278837865,-0.2135501520648101,1.1137756943203028,1.5674259195063853
B*07:07,B,0.6443582036208259,2.0,26.999999999999996,-2.0,-26.999999999999996,0.6406577365901952,2.0,28.9,0.0757842454985463,1.1421454728670362,1.0006942278837865,-0.2135501520648101,1.1137756943203028,1.5674259195063853
B*07:08,B,0.6203846936750264,2.0,29.499999999999996,-2.0,-29.499999999999996,0.6406577365901952,2.0,28.9,-0.6876970597388534,1.1421454728670362,1.4323472167613993,-1.1378150275989287,1.1137756943203028,2.1469554080866695
B*07:09,B,0.6443582036208259,2.0,26.999999999999996,-2.0,-26.999999999999996,0.6406577365901952,2.0,28.9,0.0757842454985463,1.1421454728670362,1.0006942278837865,-0.2135501520648101,1.1137756943203028,1.5674259195063853
B*07:10,B,0.6443582036208259,2.0,26.999999999999996,-2.0,-26.999999999999996,0.6406577365901952,2.0,28.9,0.0757842454985463,1.1421454728670362,1.0006942278837865,-0.2135501520648101,1.1137756943203028,1.5674259195063853
B*07:12,B,0.6443582036208259,2.0,26.999999999999996,-2.0,-26.999999999999996,0.6406577365901952,2.0,28.9,0.0757842454985463,1.1421454728670362,1.0006942278837865,-0.2135501520648101,1.1137756943203028,1.5674259195063853
B*07:13,B,0.6883706640992859,0.0,31.499999999999996,0.0,-31.499999999999996,0.6406577365901952,2.0,28.9,1.4774434455395418,-1.250449319999764,1.7776696078634895,1.4832882081938132,-1.2723715860681772,2.610578998950897
B*07:14,B,0.6443582036208259,2.0,26.999999999999996,-2.0,-26.999999999999996,0.6406577365901952,2.0,28.9,0.0757842454985463,1.1421454728670362,1.0006942278837865,-0.2135501520648101,1.1137756943203028,1.5674259195063853
B*07:15,B,0.6868769276502985,1.0,16.799999999999997,-1.0,-16.799999999999997,0.6406577365901952,2.0,28.9,1.4298726118847302,-0.05415192356636394,-0.7604499667368737,1.4256993054329956,-0.07929794587393728,-0.797054393901174
B*07:16,B,0.6203846936750264,2.0,29.499999999999996,-2.0,-29.499999999999996,0.6406577365901952,2.0,28.9,-0.6876970597388534,1.1421454728670362,1.4323472167613993,-1.1378150275989287,1.1137756943203028,2.1469554080866695
B*07:20,B,0.6414512966291489,1.0,19.599999999999998,-1.0,-19.599999999999998,0.6406577365901952,2.0,28.9,-0.016791649696896525,-0.05415192356636394,-0.27699861919394725,-0.32562185265958726,-0.07929794587393728,-0.14798136669125558
B*07:23,B,0.6443582036208259,2.0,26.999999999999996,-2.0,-26.999999999999996,0.6406577365901952,2.0,28.9,0.0757842454985463,1.1421454728670362,1.0006942278837865,-0.2135501520648101,1.1137756943203028,1.5674259195063853
B*07:26,B,0.6443582036208259,2.0,26.999999999999996,-2.0,-26.999999999999996,0.6406577365901952,2.0,28.9,0.0757842454985463,1.1421454728670362,1.0006942278837865,-0.2135501520648101,1.1137756943203028,1.5674259195063853
B*07:36,B,0.6443582036208259,2.0,26.999999999999996,-2.0,-26.999999999999996,0.6406577365901952,2.0,28.9,0.0757842454985463,1.1421454728670362,1.0006942278837865,-0.2135501520648101,1.1137756943203028,1.5674259195063853
B*07:37,B,0.647300022201807,2.0,26.999999999999996,-2.0,-26.999999999999996,0.6406577365901952,2.0,28.9,0.16947196561366826,1.1421454728670362,1.0006942278837865,-0.10013248436651169,1.1137756943203028,1.5674259195063853
B*07:42,B,0.6443582036208259,2.0,26.999999999999996,-2.0,-26.999999999999996,0.6406577365901952,2.0,28.9,0.0757842454985463,1.1421454728670362,1.0006942278837865,-0.2135501520648101,1.1137756943203028,1.5674259195063853
B*07:46,B,0.6443582036208259,2.0,26.999999999999996,-2.0,-26.999999999999996,0.6406577365901952,2.0,28.9,0.0757842454985463,1.1421454728670362,1.0006942278837865,-0.2135501520648101,1.1137756943203028,1.5674259195063853
B*07:51,B,0.6502791921528988,1.0,21.699999999999996,-1.0,-21.699999999999996,0.6406577365901952,2.0,28.9,0.2643492100357797,-0.05415192356636394,0.08558989146324715,0.01472521274442907,-0.07929794587393728,0.3388234037161827
B*08:01,B,0.62273453469154,0.0,18.999999999999996,0.0,-18.999999999999996,0.6406577365901952,2.0,28.9,-0.6128619734104703,-1.250449319999764,-0.38059533652457456,-1.0472202202651972,-1.2723715860681772,-0.2870684439505241
B*08:02,B,0.62273453469154,0.0,18.999999999999996,0.0,-18.999999999999996,0.6406577365901952,2.0,28.9,-0.6128619734104703,-1.250449319999764,-0.38059533652457456,-1.0472202202651972,-1.2723715860681772,-0.2870684439505241
B*08:09,B,0.62273453469154,0.0,18.999999999999996,0.0,-18.999999999999996,0.6406577365901952,2.0,28.9,-0.6128619734104703,-1.250449319999764,-0.38059533652457456,-1.0472202202651972,-1.2723715860681772,-0.2870684439505241
B*08:13,B,0.62273453469154,0.0,18.999999999999996,0.0,-18.999999999999996,0.6406577365901952,2.0,28.9,-0.6128619734104703,-1.250449319999764,-0.38059533652457456,-1.0472202202651972,-1.2723715860681772,-0.2870684439505241
B*08:18,B,0.62273453469154,0.0,18.999999999999996,0.0,-18.999999999999996,0.6406577365901952,2.0,28.9,-0.6128619734104703,-1.250449319999764,-0.38059533652457456,-1.0472202202651972,-1.2723715860681772,-0.2870684439505241
B*08:20,B,0.6033668489984003,1.0,26.699999999999996,-1.0,-26.699999999999996,0.6406577365901952,2.0,28.9,-1.229662182718866,-0.05415192356636394,0.9488958692184728,-1.7939140355231593,-0.07929794587393728,1.4978823808767512
B*08:23,B,0.62273453469154,0.0,18.999999999999996,0.0,-18.999999999999996,0.6406577365901952,2.0,28.9,-0.6128619734104703,-1.250449319999764,-0.38059533652457456,-1.0472202202651972,-1.2723715860681772,-0.2870684439505241
B*08:35,B,0.62273453469154,0.0,18.999999999999996,0.0,-18.999999999999996,0.6406577365901952,2.0,28.9,-0.6128619734104703,-1.250449319999764,-0.38059533652457456,-1.0472202202651972,-1.2723715860681772,-0.2870684439505241
B*13:01,B,0.6638281138555285,2.0,21.799999999999997,-2.0,-21.799999999999997,0.6406577365901952,2.0,28.9,0.6958399867084544,1.1421454728670362,0.10285601101835191,0.537084786265986,1.1137756943203028,0.3620045832593944
B*13:02,B,0.6638281138555285,2.0,21.799999999999997,-2.0,-21.799999999999997,0.6406577365901952,2.0,28.9,0.6958399867084544,1.1421454728670362,0.10285601101835191,0.537084786265986,1.1137756943203028,0.3620045832593944
B*13:03,B,0.6785111628481848,1.0,14.499999999999998,-1.0,-14.499999999999998,0.6406577365901952,2.0,28.9,1.1634491701414413,-0.05415192356636394,-1.1575707165042772,1.1031690384401924,-0.07929794587393728,-1.3302215233950354
B*13:04,B,0.6785111628481848,1.0,14.499999999999998,-1.0,-14.499999999999998,0.6406577365901952,2.0,28.9,1.1634491701414413,-0.05415192356636394,-1.1575707165042772,1.1031690384401924,-0.07929794587393728,-1.3302215233950354
B*13:12,B,0.6734044003498606,1.0,18.699999999999996,-1.0,-18.699999999999996,0.6406577365901952,2.0,28.9,1.0008147579684707,-0.05415192356636394,-0.43239369518988824,0.9062850103789225,-0.07929794587393728,-0.3566119825801584
B*14:01,B,0.6033668489984003,1.0,26.699999999999996,-1.0,-26.699999999999996,0.6406577365901952,2.0,28.9,-1.229662182718866,-0.05415192356636394,0.9488958692184728,-1.7939140355231593,-0.07929794587393728,1.4978823808767512
B*14:02,B,0.6033668489984003,1.0,26.699999999999996,-1.0,-26.699999999999996,0.6406577365901952,2.0,28.9,-1.229662182718866,-0.05415192356636394,0.9488958692184728,-1.7939140355231593,-0.07929794587393728,1.4978823808767512
B*14:03,B,0.6033668489984003,1.0,26.699999999999996,-1.0,-26.699999999999996,0.6406577365901952,2.0,28.9,-1.229662182718866,-0.05415192356636394,0.9488958692184728,-1.7939140355231593,-0.07929794587393728,1.4978823808767512
B*14:05,B,0.6033668489984003,1.0,26.699999999999996,-1.0,-26.699999999999996,0.6406577365901952,2.0,28.9,-1.229662182718866,-0.05415192356636394,0.9488958692184728,-1.7939140355231593,-0.07929794587393728,1.4978823808767512
B*15:01,B,0.6604539969480023,2.0,22.199999999999996,-2.0,-22.199999999999996,0.6406577365901952,2.0,28.9,0.5883849170751048,1.1421454728670362,0.1719204892387697,0.40700046608830215,1.1137756943203028,0.4547293014322395
B*15:02,B,0.6479772330991798,1.0,22.199999999999996,-1.0,-22.199999999999996,0.6406577365901952,2.0,28.9,0.19103901445282684,-0.05415192356636394,0.1719204892387697,-0.07402357302288042,-0.07929794587393728,0.4547293014322395
B*15:03,B,0.6604539969480023,2.0,22.199999999999996,-2.0,-22.199999999999996,0.6406577365901952,2.0,28.9,0.5883849170751048,1.1421454728670362,0.1719204892387697,0.40700046608830215,1.1137756943203028,0.4547293014322395
B*15:04,B,0.6604539969480023,2.0,22.199999999999996,-2.0,-22.199999999999996,0.6406577365901952,2.0,28.9,0.5883849170751048,1.1421454728670362,0.1719204892387697,0.40700046608830215,1.1137756943203028,0.4547293014322395
B*15:05,B,0.6785111628481848,1.0,14.499999999999998,-1.0,-14.499999999999998,0.6406577365901952,2.0,28.9,1.1634491701414413,-0.05415192356636394,-1.1575707165042772,1.1031690384401924,-0.07929794587393728,-1.3302215233950354
B*15:06,B,0.6604539969480023,2.0,22.199999999999996,-2.0,-22.199999999999996,0.6406577365901952,2.0,28.9,0.5883849170751048,1.1421454728670362,0.1719204892387697,0.40700046608830215,1.1137756943203028,0.4547293014322395
B*15:07,B,0.6604539969480023,2.0,22.199999999999996,-2.0,-22.199999999999996,0.6406577365901952,2.0,28.9,0.5883849170751048,1.1421454728670362,0.1719204892387697,0.40700046608830215,1.1137756943203028,0.4547293014322395
B*15:08,B,0.6479772330991798,1.0,22.199999999999996,-1.0,-22.199999999999996,0.6406577365901952,2.0,28.9,0.19103901445282684,-0.05415192356636394,0.1719204892387697,-0.07402357302288042,-0.07929794587393728,0.4547293014322395
B*15:09,B,0.6479772330991798,1.0,22.199999999999996,-1.0,-22.199999999999996,0.6406577365901952,2.0,28.9,0.19103901445282684,-0.05415192356636394,0.1719204892387697,-0.07402357302288042,-0.07929794587393728,0.4547293014322395
B*15:10,B,0.6479772330991798,1.0,22.199999999999996,-1.0,-22.199999999999996,0.6406577365901952,2.0,28.9,0.19103901445282684,-0.05415192356636394,0.1719204892387697,-0.07402357302288042,-0.07929794587393728,0.4547293014322395
B*15:11,B,0.6479772330991798,1.0,22.199999999999996,-1.0,-22.199999999999996,0.6406577365901952,2.0,28.9,0.19103901445282684,-0.05415192356636394,0.1719204892387697,-0.07402357302288042,-0.07929794587393728,0.4547293014322395
B*15:113,B,0.6604539969480023,2.0,22.199999999999996,-2.0,-22.199999999999996,0.6406577365901952,2.0,28.9,0.5883849170751048,1.1421454728670362,0.1719204892387697,0.40700046608830215,1.1137756943203028,0.4547293014322395
B*15:12,B,0.6573167798435686,2.0,21.699999999999996,-2.0,-21.699999999999996,0.6406577365901952,2.0,28.9,0.48847436517338716,1.1421454728670362,0.08558989146324715,0.2860494838120925,1.1137756943203028,0.3388234037161827
B*15:125,B,0.6604539969480023,2.0,22.199999999999996,-2.0,-22.199999999999996,0.6406577365901952,2.0,28.9,0.5883849170751048,1.1421454728670362,0.1719204892387697,0.40700046608830215,1.1137756943203028,0.4547293014322395
B*15:13,B,0.6479772330991798,1.0,22.199999999999996,-1.0,-22.199999999999996,0.6406577365901952,2.0,28.9,0.19103901445282684,-0.05415192356636394,0.1719204892387697,-0.07402357302288042,-0.07929794587393728,0.4547293014322395
B*15:132,B,0.6604539969480023,2.0,22.199999999999996,-2.0,-22.199999999999996,0.6406577365901952,2.0,28.9,0.5883849170751048,1.1421454728670362,0.1719204892387697,0.40700046608830215,1.1137756943203028,0.4547293014322395
B*15:14,B,0.6344679452880081,2.0,22.099999999999998,-2.0,-22.099999999999998,0.6406577365901952,2.0,28.9,-0.23918954674741638,1.1421454728670362,0.15465436968366558,-0.5948551177393819,1.1137756943203028,0.43154812188902864
B*15:141,B,0.6604539969480023,2.0,22.199999999999996,-2.0,-22.199999999999996,0.6406577365901952,2.0,28.9,0.5883849170751048,1.1421454728670362,0.1719204892387697,0.40700046608830215,1.1137756943203028,0.4547293014322395
B*15:15,B,0.6479772330991798,1.0,22.199999999999996,-1.0,-22.199999999999996,0.6406577365901952,2.0,28.9,0.19103901445282684,-0.05415192356636394,0.1719204892387697,-0.07402357302288042,-0.07929794587393728,0.4547293014322395
B*15:16,B,0.6809308869588745,1.0,25.999999999999996,-1.0,-25.999999999999996,0.6406577365901952,2.0,28.9,1.2405098144325983,-0.05415192356636394,0.8280330323327413,1.196458089941196,-0.07929794587393728,1.3356141240742718
B*15:17,B,0.6809308869588745,1.0,25.999999999999996,-1.0,-25.999999999999996,0.6406577365901952,2.0,28.9,1.2405098144325983,-0.05415192356636394,0.8280330323327413,1.196458089941196,-0.07929794587393728,1.3356141240742718
B*15:18,B,0.6479772330991798,1.0,22.199999999999996,-1.0,-22.199999999999996,0.6406577365901952,2.0,28.9,0.19103901445282684,-0.05415192356636394,0.1719204892387697,-0.07402357302288042,-0.07929794587393728,0.4547293014322395
B*15:20,B,0.6785111628481848,1.0,14.499999999999998,-1.0,-14.499999999999998,0.6406577365901952,2.0,28.9,1.1634491701414413,-0.05415192356636394,-1.1575707165042772,1.1031690384401924,-0.07929794587393728,-1.3302215233950354
B*15:21,B,0.6479772330991798,1.0,22.199999999999996,-1.0,-22.199999999999996,0.6406577365901952,2.0,28.9,0.19103901445282684,-0.05415192356636394,0.1719204892387697,-0.07402357302288042,-0.07929794587393728,0.4547293014322395
B*15:23,B,0.6479772330991798,1.0,22.199999999999996,-1.0,-22.199999999999996,0.6406577365901952,2.0,28.9,0.19103901445282684,-0.05415192356636394,0.1719204892387697,-0.07402357302288042,-0.07929794587393728,0.4547293014322395
B*15:24,B,0.6604539969480023,2.0,22.199999999999996,-2.0,-22.199999999999996,0.6406577365901952,2.0,28.9,0.5883849170751048,1.1421454728670362,0.1719204892387697,0.40700046608830215,1.1137756943203028,0.4547293014322395
B*15:25,B,0.6604539969480023,2.0,22.199999999999996,-2.0,-22.199999999999996,0.6406577365901952,2.0,28.9,0.5883849170751048,1.1421454728670362,0.1719204892387697,0.40700046608830215,1.1137756943203028,0.4547293014322395
B*15:27,B,0.6604539969480023,2.0,22.199999999999996,-2.0,-22.199999999999996,0.6406577365901952,2.0,28.9,0.5883849170751048,1.1421454728670362,0.1719204892387697,0.40700046608830215,1.1137756943203028,0.4547293014322395
B*15:28,B,0.6604539969480023,2.0,22.199999999999996,-2.0,-22.199999999999996,0.6406577365901952,2.0,28.9,0.5883849170751048,1.1421454728670362,0.1719204892387697,0.40700046608830215,1.1137756943203028,0.4547293014322395
B*15:29,B,0.6479772330991798,1.0,22.199999999999996,-1.0,-22.199999999999996,0.6406577365901952,2.0,28.9,0.19103901445282684,-0.05415192356636394,0.1719204892387697,-0.07402357302288042,-0.07929794587393728,0.4547293014322395
B*15:30,B,0.6604539969480023,2.0,22.199999999999996,-2.0,-22.199999999999996,0.6406577365901952,2.0,28.9,0.5883849170751048,1.1421454728670362,0.1719204892387697,0.40700046608830215,1.1137756943203028,0.4547293014322395
B*15:31,B,0.6589774511205584,0.0,14.499999999999998,0.0,-14.499999999999998,0.6406577365901952,2.0,28.9,0.5413615509460553,-1.250449319999764,-1.1575707165042772,0.35007432350391116,-1.2723715860681772,-1.3302215233950354
B*15:32,B,0.6604539969480023,2.0,22.199999999999996,-2.0,-22.199999999999996,0.6406577365901952,2.0,28.9,0.5883849170751048,1.1421454728670362,0.1719204892387697,0.40700046608830215,1.1137756943203028,0.4547293014322395
B*15:33,B,0.6604539969480023,2.0,22.199999999999996,-2.0,-22.199999999999996,0.6406577365901952,2.0,28.9,0.5883849170751048,1.1421454728670362,0.1719204892387697,0.40700046608830215,1.1137756943203028,0.4547293014322395
B*15:34,B,0.6604539969480023,2.0,22.199999999999996,-2.0,-22.199999999999996,0.6406577365901952,2.0,28.9,0.5883849170751048,1.1421454728670362,0.1719204892387697,0.40700046608830215,1.1137756943203028,0.4547293014322395
B*15:35,B,0.6604539969480023,2.0,22.199999999999996,-2.0,-22.199999999999996,0.6406577365901952,2.0,28.9,0.5883849170751048,1.1421454728670362,0.1719204892387697,0.40700046608830215,1.1137756943203028,0.4547293014322395
B*15:37,B,0.6479772330991798,1.0,22.199999999999996,-1.0,-22.199999999999996,0.6406577365901952,2.0,28.9,0.19103901445282684,-0.05415192356636394,0.1719204892387697,-0.07402357302288042,-0.07929794587393728,0.4547293014322395
B*15:38,B,0.6604539969480023,2.0,22.199999999999996,-2.0,-22.199999999999996,0.6406577365901952,2.0,28.9,0.5883849170751048,1.1421454728670362,0.1719204892387697,0.40700046608830215,1.1137756943203028,0.4547293014322395
B*15:39,B,0.6604539969480023,2.0,22.199999999999996,-2.0,-22.199999999999996,0.6406577365901952,2.0,28.9,0.5883849170751048,1.1421454728670362,0.1719204892387697,0.40700046608830215,1.1137756943203028,0.4547293014322395
B*15:40,B,0.6260637003409746,3.0,29.499999999999996,-3.0,-29.499999999999996,0.6406577365901952,2.0,28.9,-0.5068384607446856,2.338442869300436,1.4323472167613993,-0.9188689324661318,2.306849334514543,2.1469554080866695
B*15:42,B,0.6179793642958556,2.0,26.699999999999996,-2.0,-26.699999999999996,0.6406577365901952,2.0,28.9,-0.7642992768562883,1.1421454728670362,0.9488958692184728,-1.2305491105214545,1.1137756943203028,1.4978823808767512
B*15:44,B,0.6033668489984003,1.0,26.699999999999996,-1.0,-26.699999999999996,0.6406577365901952,2.0,28.9,-1.229662182718866,-0.05415192356636394,0.9488958692184728,-1.7939140355231593,-0.07929794587393728,1.4978823808767512
B*15:45,B,0.6604539969480023,2.0,22.199999999999996,-2.0,-22.199999999999996,0.6406577365901952,2.0,28.9,0.5883849170751048,1.1421454728670362,0.1719204892387697,0.40700046608830215,1.1137756943203028,0.4547293014322395
B*15:46,B,0.6604539969480023,2.0,22.199999999999996,-2.0,-22.199999999999996,0.6406577365901952,2.0,28.9,0.5883849170751048,1.1421454728670362,0.1719204892387697,0.40700046608830215,1.1137756943203028,0.4547293014322395
B*15:47,B,0.6260637003409746,3.0,29.499999999999996,-3.0,-29.499999999999996,0.6406577365901952,2.0,28.9,-0.5068384607446856,2.338442869300436,1.4323472167613993,-0.9188689324661318,2.306849334514543,2.1469554080866695
B*15:48,B,0.6526962151875388,1.0,16.999999999999996,-1.0,-16.999999999999996,0.6406577365901952,2.0,28.9,0.34132383350342954,-0.05415192356636394,-0.7259177276266648,0.10791012806660702,-0.07929794587393728,-0.7506920348147516
B*15:52,B,0.6510921593107767,1.0,21.799999999999997,-1.0,-21.799999999999997,0.6406577365901952,2.0,28.9,0.29023967114118554,-0.05415192356636394,0.10285601101835191,0.04606801530809903,-0.07929794587393728,0.3620045832593944
B*15:53,B,0.6604539969480023,2.0,22.199999999999996,-2.0,-22.199999999999996,0.6406577365901952,2.0,28.9,0.5883849170751048,1.1421454728670362,0.1719204892387697,0.40700046608830215,1.1137756943203028,0.4547293014322395
B*15:54,B,0.6604539969480023,2.0,22.199999999999996,-2.0,-22.199999999999996,0.6406577365901952,2.0,28.9,0.5883849170751048,1.1421454728670362,0.1719204892387697,0.40700046608830215,1.1137756943203028,0.4547293014322395
B*15:55,B,0.6589774511205584,0.0,14.499999999999998,0.0,-14.499999999999998,0.6406577365901952,2.0,28.9,0.5413615509460553,-1.250449319999764,-1.1575707165042772,0.35007432350391116,-1.2723715860681772,-1.3302215233950354
B*15:56,B,0.6604539969480023,2.0,22.199999999999996,-2.0,-22.199999999999996,0.6406577365901952,2.0,28.9,0.5883849170751048,1.1421454728670362,0.1719204892387697,0.40700046608830215,1.1137756943203028,0.4547293014322395
B*15:58,B,0.6604539969480023,2.0,22.199999999999996,-2.0,-22.199999999999996,0.6406577365901952,2.0,28.9,0.5883849170751048,1.1421454728670362,0.1719204892387697,0.40700046608830215,1.1137756943203028,0.4547293014322395
B*15:63,B,0.6604539969480023,2.0,22.199999999999996,-2.0,-22.199999999999996,0.6406577365901952,2.0,28.9,0.5883849170751048,1.1421454728670362,0.1719204892387697,0.40700046608830215,1.1137756943203028,0.4547293014322395
B*15:65,B,0.6604539969480023,2.0,22.199999999999996,-2.0,-22.199999999999996,0.6406577365901952,2.0,28.9,0.5883849170751048,1.1421454728670362,0.1719204892387697,0.40700046608830215,1.1137756943203028,0.4547293014322395
B*15:71,B,0.6604539969480023,2.0,22.199999999999996,-2.0,-22.199999999999996,0.6406577365901952,2.0,28.9,0.5883849170751048,1.1421454728670362,0.1719204892387697,0.40700046608830215,1.1137756943203028,0.4547293014322395
B*15:73,B,0.6604539969480023,2.0,22.199999999999996,-2.0,-22.199999999999996,0.6406577365901952,2.0,28.9,0.5883849170751048,1.1421454728670362,0.1719204892387697,0.40700046608830215,1.1137756943203028,0.4547293014322395
B*15:75,B,0.644451736302259,1.0,22.199999999999996,-1.0,-22.199999999999996,0.6406577365901952,2.0,28.9,0.07876296884212085,-0.05415192356636394,0.1719204892387697,-0.20994413140456164,-0.07929794587393728,0.4547293014322395
B*15:82,B,0.6604539969480023,2.0,22.199999999999996,-2.0,-22.199999999999996,0.6406577365901952,2.0,28.9,0.5883849170751048,1.1421454728670362,0.1719204892387697,0.40700046608830215,1.1137756943203028,0.4547293014322395
B*18:01,B,0.62273453469154,0.0,18.999999999999996,0.0,-18.999999999999996,0.6406577365901952,2.0,28.9,-0.6128619734104703,-1.250449319999764,-0.38059533652457456,-1.0472202202651972,-1.2723715860681772,-0.2870684439505241
B*18:02,B,0.62273453469154,0.0,18.999999999999996,0.0,-18.999999999999996,0.6406577365901952,2.0,28.9,-0.6128619734104703,-1.250449319999764,-0.38059533652457456,-1.0472202202651972,-1.2723715860681772,-0.2870684439505241
B*18:03,B,0.62273453469154,0.0,18.999999999999996,0.0,-18.999999999999996,0.6406577365901952,2.0,28.9,-0.6128619734104703,-1.250449319999764,-0.38059533652457456,-1.0472202202651972,-1.2723715860681772,-0.2870684439505241
B*18:04,B,0.62273453469154,0.0,18.999999999999996,0.0,-18.999999999999996,0.6406577365901952,2.0,28.9,-0.6128619734104703,-1.250449319999764,-0.38059533652457456,-1.0472202202651972,-1.2723715860681772,-0.2870684439505241
B*18:05,B,0.62273453469154,0.0,18.999999999999996,0.0,-18.999999999999996,0.6406577365901952,2.0,28.9,-0.6128619734104703,-1.250449319999764,-0.38059533652457456,-1.0472202202651972,-1.2723715860681772,-0.2870684439505241
B*18:06,B,0.6203221632069601,1.0,11.299999999999999,1.0,-11.299999999999999,0.6406577365901952,2.0,28.9,-0.6896884595582485,-0.05415192356636394,-1.7100865422676217,-1.140225801633061,-0.07929794587393728,-2.072019268777799
B*18:08,B,0.62273453469154,0.0,18.999999999999996,0.0,-18.999999999999996,0.6406577365901952,2.0,28.9,-0.6128619734104703,-1.250449319999764,-0.38059533652457456,-1.0472202202651972,-1.2723715860681772,-0.2870684439505241
B*18:11,B,0.62273453469154,0.0,18.999999999999996,0.0,-18.999999999999996,0.6406577365901952,2.0,28.9,-0.6128619734104703,-1.250449319999764,-0.38059533652457456,-1.0472202202651972,-1.2723715860681772,-0.2870684439505241
B*18:12,B,0.6444039978677992,1.0,18.999999999999996,-1.0,-18.999999999999996,0.6406577365901952,2.0,28.9,0.0772426490252156,-0.05415192356636394,-0.38059533652457456,-0.2117846194383938,-0.07929794587393728,-0.2870684439505241
B*18:13,B,0.62273453469154,0.0,18.999999999999996,0.0,-18.999999999999996,0.6406577365901952,2.0,28.9,-0.6128619734104703,-1.250449319999764,-0.38059533652457456,-1.0472202202651972,-1.2723715860681772,-0.2870684439505241
B*18:14,B,0.62273453469154,0.0,18.999999999999996,0.0,-18.999999999999996,0.6406577365901952,2.0,28.9,-0.6128619734104703,-1.250449319999764,-0.38059533652457456,-1.0472202202651972,-1.2723715860681772,-0.2870684439505241
B*18:18,B,0.62273453469154,0.0,18.999999999999996,0.0,-18.999999999999996,0.6406577365901952,2.0,28.9,-0.6128619734104703,-1.250449319999764,-0.38059533652457456,-1.0472202202651972,-1.2723715860681772,-0.2870684439505241
B*18:20,B,0.62273453469154,0.0,18.999999999999996,0.0,-18.999999999999996,0.6406577365901952,2.0,28.9,-0.6128619734104703,-1.250449319999764,-0.38059533652457456,-1.0472202202651972,-1.2723715860681772,-0.2870684439505241
B*18:25,B,0.62273453469154,0.0,18.999999999999996,0.0,-18.999999999999996,0.6406577365901952,2.0,28.9,-0.6128619734104703,-1.250449319999764,-0.38059533652457456,-1.0472202202651972,-1.2723715860681772,-0.2870684439505241
B*18:33,B,0.62273453469154,0.0,18.999999999999996,0.0,-18.999999999999996,0.6406577365901952,2.0,28.9,-0.6128619734104703,-1.250449319999764,-0.38059533652457456,-1.0472202202651972,-1.2723715860681772,-0.2870684439505241
B*27:01,B,0.713439076483942,1.0,19.699999999999996,-1.0,-19.699999999999996,0.6406577365901952,2.0,28.9,2.2757939687185678,-0.05415192356636394,-0.2597324996388431,2.449765503547128,-0.07929794587393728,-0.12480018714804471
B*27:02,B,0.713439076483942,1.0,19.699999999999996,-1.0,-19.699999999999996,0.6406577365901952,2.0,28.9,2.2757939687185678,-0.05415192356636394,-0.2597324996388431,2.449765503547128,-0.07929794587393728,-0.12480018714804471
B*27:03,B,0.713439076483942,1.0,19.699999999999996,-1.0,-19.699999999999996,0.6406577365901952,2.0,28.9,2.2757939687185678,-0.05415192356636394,-0.2597324996388431,2.449765503547128,-0.07929794587393728,-0.12480018714804471
B*27:04,B,0.6833967786865812,2.0,27.399999999999995,-2.0,-27.399999999999995,0.6406577365901952,2.0,28.9,1.3190407529184545,1.1421454728670362,1.0697587061042042,1.2915270688242324,1.1137756943203028,1.6601506376792305
B*27:05,B,0.713439076483942,1.0,19.699999999999996,-1.0,-19.699999999999996,0.6406577365901952,2.0,28.9,2.2757939687185678,-0.05415192356636394,-0.2597324996388431,2.449765503547128,-0.07929794587393728,-0.12480018714804471
B*27:06,B,0.6833967786865812,2.0,27.399999999999995,-2.0,-27.399999999999995,0.6406577365901952,2.0,28.9,1.3190407529184545,1.1421454728670362,1.0697587061042042,1.2915270688242324,1.1137756943203028,1.6601506376792305
B*27:07,B,0.713439076483942,1.0,19.699999999999996,-1.0,-19.699999999999996,0.6406577365901952,2.0,28.9,2.2757939687185678,-0.05415192356636394,-0.2597324996388431,2.449765503547128,-0.07929794587393728,-0.12480018714804471
B*27:08,B,0.713439076483942,1.0,19.699999999999996,-1.0,-19.699999999999996,0.6406577365901952,2.0,28.9,2.2757939687185678,-0.05415192356636394,-0.2597324996388431,2.449765503547128,-0.07929794587393728,-0.12480018714804471
B*27:09,B,0.713439076483942,1.0,19.699999999999996,-1.0,-19.699999999999996,0.6406577365901952,2.0,28.9,2.2757939687185678,-0.05415192356636394,-0.2597324996388431,2.449765503547128,-0.07929794587393728,-0.12480018714804471
B*27:10,B,0.6833967786865812,2.0,27.399999999999995,-2.0,-27.399999999999995,0.6406577365901952,2.0,28.9,1.3190407529184545,1.1421454728670362,1.0697587061042042,1.2915270688242324,1.1137756943203028,1.6601506376792305
B*27:12,B,0.6638281138555285,2.0,21.799999999999997,-2.0,-21.799999999999997,0.6406577365901952,2.0,28.9,0.6958399867084544,1.1421454728670362,0.10285601101835191,0.537084786265986,1.1137756943203028,0.3620045832593944
B*27:14,B,0.713439076483942,1.0,19.699999999999996,-1.0,-19.699999999999996,0.6406577365901952,2.0,28.9,2.2757939687185678,-0.05415192356636394,-0.2597324996388431,2.449765503547128,-0.07929794587393728,-0.12480018714804471
B*27:15,B,0.6750884336256981,1.0,24.599999999999994,-1.0,-24.599999999999994,0.6406577365901952,2.0,28.9,1.0544459503306447,-0.05415192356636394,0.5863073585612778,0.9712105389980651,-0.07929794587393728,1.011077610469312
B*27:17,B,0.713439076483942,1.0,19.699999999999996,-1.0,-19.699999999999996,0.6406577365901952,2.0,28.9,2.2757939687185678,-0.05415192356636394,-0.2597324996388431,2.449765503547128,-0.07929794587393728,-0.12480018714804471
B*27:19,B,0.713439076483942,1.0,19.699999999999996,-1.0,-19.699999999999996,0.6406577365901952,2.0,28.9,2.2757939687185678,-0.05415192356636394,-0.2597324996388431,2.449765503547128,-0.07929794587393728,-0.12480018714804471
B*27:20,B,0.6833967786865812,2.0,27.399999999999995,-2.0,-27.399999999999995,0.6406577365901952,2.0,28.9,1.3190407529184545,1.1421454728670362,1.0697587061042042,1.2915270688242324,1.1137756943203028,1.6601506376792305
B*27:24,B,0.6833967786865812,2.0,27.399999999999995,-2.0,-27.399999999999995,0.6406577365901952,2.0,28.9,1.3190407529184545,1.1421454728670362,1.0697587061042042,1.2915270688242324,1.1137756943203028,1.6601506376792305
B*27:27,B,0.713439076483942,1.0,19.699999999999996,-1.0,-19.699999999999996,0.6406577365901952,2.0,28.9,2.2757939687185678,-0.05415192356636394,-0.2597324996388431,2.449765503547128,-0.07929794587393728,-0.12480018714804471
B*35:01,B,0.6589774511205584,0.0,14.499999999999998,0.0,-14.499999999999998,0.6406577365901952,2.0,28.9,0.5413615509460553,-1.250449319999764,-1.1575707165042772,0.35007432350391116,-1.2723715860681772,-1.3302215233950354
B*35:02,B,0.6589774511205584,0.0,14.499999999999998,0.0,-14.499999999999998,0.6406577365901952,2.0,28.9,0.5413615509460553,-1.250449319999764,-1.1575707165042772,0.35007432350391116,-1.2723715860681772,-1.3302215233950354
B*35:03,B,0.6589774511205584,0.0,14.499999999999998,0.0,-14.499999999999998,0.6406577365901952,2.0,28.9,0.5413615509460553,-1.250449319999764,-1.1575707165042772,0.35007432350391116,-1.2723715860681772,-1.3302215233950354
B*35:04,B,0.6589774511205584,0.0,14.499999999999998,0.0,-14.499999999999998,0.6406577365901952,2.0,28.9,0.5413615509460553,-1.250449319999764,-1.1575707165042772,0.35007432350391116,-1.2723715860681772,-1.3302215233950354
B*35:05,B,0.6589774511205584,0.0,14.499999999999998,0.0,-14.499999999999998,0.6406577365901952,2.0,28.9,0.5413615509460553,-1.250449319999764,-1.1575707165042772,0.35007432350391116,-1.2723715860681772,-1.3302215233950354
B*35:06,B,0.6589774511205584,0.0,14.499999999999998,0.0,-14.499999999999998,0.6406577365901952,2.0,28.9,0.5413615509460553,-1.250449319999764,-1.1575707165042772,0.35007432350391116,-1.2723715860681772,-1.3302215233950354
B*35:08,B,0.6589774511205584,0.0,14.499999999999998,0.0,-14.499999999999998,0.6406577365901952,2.0,28.9,0.5413615509460553,-1.250449319999764,-1.1575707165042772,0.35007432350391116,-1.2723715860681772,-1.3302215233950354
B*35:09,B,0.6589774511205584,0.0,14.499999999999998,0.0,-14.499999999999998,0.6406577365901952,2.0,28.9,0.5413615509460553,-1.250449319999764,-1.1575707165042772,0.35007432350391116,-1.2723715860681772,-1.3302215233950354
B*35:10,B,0.6785111628481848,1.0,14.499999999999998,-1.0,-14.499999999999998,0.6406577365901952,2.0,28.9,1.1634491701414413,-0.05415192356636394,-1.1575707165042772,1.1031690384401924,-0.07929794587393728,-1.3302215233950354
B*35:11,B,0.6479772330991798,1.0,22.199999999999996,-1.0,-22.199999999999996,0.6406577365901952,2.0,28.9,0.19103901445282684,-0.05415192356636394,0.1719204892387697,-0.07402357302288042,-0.07929794587393728,0.4547293014322395
B*35:12,B,0.6589774511205584,0.0,14.499999999999998,0.0,-14.499999999999998,0.6406577365901952,2.0,28.9,0.5413615509460553,-1.250449319999764,-1.1575707165042772,0.35007432350391116,-1.2723715860681772,-1.3302215233950354
B*35:13,B,0.6785111628481848,1.0,14.499999999999998,-1.0,-14.499999999999998,0.6406577365901952,2.0,28.9,1.1634491701414413,-0.05415192356636394,-1.1575707165042772,1.1031690384401924,-0.07929794587393728,-1.3302215233950354
B*35:14,B,0.6479772330991798,1.0,22.199999999999996,-1.0,-22.199999999999996,0.6406577365901952,2.0,28.9,0.19103901445282684,-0.05415192356636394,0.1719204892387697,-0.07402357302288042,-0.07929794587393728,0.4547293014322395
B*35:15,B,0.6510921593107767,1.0,21.799999999999997,-1.0,-21.799999999999997,0.6406577365901952,2.0,28.9,0.29023967114118554,-0.05415192356636394,0.10285601101835191,0.04606801530809903,-0.07929794587393728,0.3620045832593944
B*35:16,B,0.6785111628481848,1.0,14.499999999999998,-1.0,-14.499999999999998,0.6406577365901952,2.0,28.9,1.1634491701414413,-0.05415192356636394,-1.1575707165042772,1.1031690384401924,-0.07929794587393728,-1.3302215233950354
B*35:17,B,0.6589774511205584,0.0,14.499999999999998,0.0,-14.499999999999998,0.6406577365901952,2.0,28.9,0.5413615509460553,-1.250449319999764,-1.1575707165042772,0.35007432350391116,-1.2723715860681772,-1.3302215233950354
B*35:19,B,0.6589774511205584,0.0,14.499999999999998,0.0,-14.499999999999998,0.6406577365901952,2.0,28.9,0.5413615509460553,-1.250449319999764,-1.1575707165042772,0.35007432350391116,-1.2723715860681772,-1.3302215233950354
B*35:20,B,0.6589774511205584,0.0,14.499999999999998,0.0,-14.499999999999998,0.6406577365901952,2.0,28.9,0.5413615509460553,-1.250449319999764,-1.1575707165042772,0.35007432350391116,-1.2723715860681772,-1.3302215233950354
B*35:21,B,0.6479772330991798,1.0,22.199999999999996,-1.0,-22.199999999999996,0.6406577365901952,2.0,28.9,0.19103901445282684,-0.05415192356636394,0.1719204892387697,-0.07402357302288042,-0.07929794587393728,0.4547293014322395
B*35:22,B,0.6589774511205584,0.0,14.499999999999998,0.0,-14.499999999999998,0.6406577365901952,2.0,28.9,0.5413615509460553,-1.250449319999764,-1.1575707165042772,0.35007432350391116,-1.2723715860681772,-1.3302215233950354
B*35:23,B,0.6589774511205584,0.0,14.499999999999998,0.0,-14.499999999999998,0.6406577365901952,2.0,28.9,0.5413615509460553,-1.250449319999764,-1.1575707165042772,0.35007432350391116,-1.2723715860681772,-1.3302215233950354
B*35:24,B,0.6589774511205584,0.0,14.499999999999998,0.0,-14.499999999999998,0.6406577365901952,2.0,28.9,0.5413615509460553,-1.250449319999764,-1.1575707165042772,0.35007432350391116,-1.2723715860681772,-1.3302215233950354
B*35:25,B,0.6589774511205584,0.0,14.499999999999998,0.0,-14.499999999999998,0.6406577365901952,2.0,28.9,0.5413615509460553,-1.250449319999764,-1.1575707165042772,0.35007432350391116,-1.2723715860681772,-1.3302215233950354
B*35:26,B,0.6589774511205584,0.0,14.499999999999998,0.0,-14.499999999999998,0.6406577365901952,2.0,28.9,0.5413615509460553,-1.250449319999764,-1.1575707165042772,0.35007432350391116,-1.2723715860681772,-1.3302215233950354
B*35:27,B,0.6589774511205584,0.0,14.499999999999998,0.0,-14.499999999999998,0.6406577365901952,2.0,28.9,0.5413615509460553,-1.250449319999764,-1.1575707165042772,0.35007432350391116,-1.2723715860681772,-1.3302215233950354
B*35:28,B,0.6785111628481848,1.0,14.499999999999998,-1.0,-14.499999999999998,0.6406577365901952,2.0,28.9,1.1634491701414413,-0.05415192356636394,-1.1575707165042772,1.1031690384401924,-0.07929794587393728,-1.3302215233950354
B*35:29,B,0.6589774511205584,0.0,14.499999999999998,0.0,-14.499999999999998,0.6406577365901952,2.0,28.9,0.5413615509460553,-1.250449319999764,-1.1575707165042772,0.35007432350391116,-1.2723715860681772,-1.3302215233950354
B*35:30,B,0.6589774511205584,0.0,14.499999999999998,0.0,-14.499999999999998,0.6406577365901952,2.0,28.9,0.5413615509460553,-1.250449319999764,-1.1575707165042772,0.35007432350391116,-1.2723715860681772,-1.3302215233950354
B*35:31,B,0.6510921593107767,1.0,21.799999999999997,-1.0,-21.799999999999997,0.6406577365901952,2.0,28.9,0.29023967114118554,-0.05415192356636394,0.10285601101835191,0.04606801530809903,-0.07929794587393728,0.3620045832593944
B*35:32,B,0.6589774511205584,0.0,14.499999999999998,0.0,-14.499999999999998,0.6406577365901952,2.0,28.9,0.5413615509460553,-1.250449319999764,-1.1575707165042772,0.35007432350391116,-1.2723715860681772,-1.3302215233950354
B*35:34,B,0.6589774511205584,0.0,14.499999999999998,0.0,-14.499999999999998,0.6406577365901952,2.0,28.9,0.5413615509460553,-1.250449319999764,-1.1575707165042772,0.35007432350391116,-1.2723715860681772,-1.3302215233950354
B*35:41,B,0.6589774511205584,0.0,14.499999999999998,0.0,-14.499999999999998,0.6406577365901952,2.0,28.9,0.5413615509460553,-1.250449319999764,-1.1575707165042772,0.35007432350391116,-1.2723715860681772,-1.3302215233950354
B*35:43,B,0.6479772330991798,1.0,22.199999999999996,-1.0,-22.199999999999996,0.6406577365901952,2.0,28.9,0.19103901445282684,-0.05415192356636394,0.1719204892387697,-0.07402357302288042,-0.07929794587393728,0.4547293014322395
B*35:47,B,0.6589774511205584,0.0,14.499999999999998,0.0,-14.499999999999998,0.6406577365901952,2.0,28.9,0.5413615509460553,-1.250449319999764,-1.1575707165042772,0.35007432350391116,-1.2723715860681772,-1.3302215233950354
B*35:48,B,0.6589774511205584,0.0,14.499999999999998,0.0,-14.499999999999998,0.6406577365901952,2.0,28.9,0.5413615509460553,-1.250449319999764,-1.1575707165042772,0.35007432350391116,-1.2723715860681772,-1.3302215233950354
B*35:49,B,0.6589774511205584,0.0,14.499999999999998,0.0,-14.499999999999998,0.6406577365901952,2.0,28.9,0.5413615509460553,-1.250449319999764,-1.1575707165042772,0.35007432350391116,-1.2723715860681772,-1.3302215233950354
B*35:55,B,0.6589774511205584,0.0,14.499999999999998,0.0,-14.499999999999998,0.6406577365901952,2.0,28.9,0.5413615509460553,-1.250449319999764,-1.1575707165042772,0.35007432350391116,-1.2723715860681772,-1.3302215233950354
B*35:77,B,0.6589774511205584,0.0,14.499999999999998,0.0,-14.499999999999998,0.6406577365901952,2.0,28.9,0.5413615509460553,-1.250449319999764,-1.1575707165042772,0.35007432350391116,-1.2723715860681772,-1.3302215233950354
B*37:01,B,0.6444039978677992,1.0,18.999999999999996,-1.0,-18.999999999999996,0.6406577365901952,2.0,28.9,0.0772426490252156,-0.05415192356636394,-0.38059533652457456,-0.2117846194383938,-0.07929794587393728,-0.2870684439505241
B*37:02,B,0.6638281138555285,2.0,21.799999999999997,-2.0,-21.799999999999997,0.6406577365901952,2.0,28.9,0.6958399867084544,1.1421454728670362,0.10285601101835191,0.537084786265986,1.1137756943203028,0.3620045832593944
B*37:07,B,0.6260637003409746,3.0,29.499999999999996,-3.0,-29.499999999999996,0.6406577365901952,2.0,28.9,-0.5068384607446856,2.338442869300436,1.4323472167613993,-0.9188689324661318,2.306849334514543,2.1469554080866695
B*38:01,B,0.5918262976443257,0.0,21.499999999999996,0.0,-21.499999999999996,0.6406577365901952,2.0,28.9,-1.597192645754461,-1.250449319999764,0.05105765235303825,-2.2388437218721458,-1.2723715860681772,0.2924610446297601
B*38:02,B,0.5918262976443257,0.0,21.499999999999996,0.0,-21.499999999999996,0.6406577365901952,2.0,28.9,-1.597192645754461,-1.250449319999764,0.05105765235303825,-2.2388437218721458,-1.2723715860681772,0.2924610446297601
B*38:06,B,0.5918262976443257,0.0,21.499999999999996,0.0,-21.499999999999996,0.6406577365901952,2.0,28.9,-1.597192645754461,-1.250449319999764,0.05105765235303825,-2.2388437218721458,-1.2723715860681772,0.2924610446297601
B*38:09,B,0.5918262976443257,0.0,21.499999999999996,0.0,-21.499999999999996,0.6406577365901952,2.0,28.9,-1.597192645754461,-1.250449319999764,0.05105765235303825,-2.2388437218721458,-1.2723715860681772,0.2924610446297601
B*39:01,B,0.5918262976443257,0.0,21.499999999999996,0.0,-21.499999999999996,0.6406577365901952,2.0,28.9,-1.597192645754461,-1.250449319999764,0.05105765235303825,-2.2388437218721458,-1.2723715860681772,0.2924610446297601
B*39:02,B,0.614297382996163,1.0,21.499999999999996,-1.0,-21.499999999999996,0.6406577365901952,2.0,28.9,-0.8815588644137455,-0.05415192356636394,0.05105765235303825,-1.3725027082788688,-0.07929794587393728,0.2924610446297601
B*39:03,B,0.5918262976443257,0.0,21.499999999999996,0.0,-21.499999999999996,0.6406577365901952,2.0,28.9,-1.597192645754461,-1.250449319999764,0.05105765235303825,-2.2388437218721458,-1.2723715860681772,0.2924610446297601
B*39:04,B,0.5918262976443257,0.0,21.499999999999996,0.0,-21.499999999999996,0.6406577365901952,2.0,28.9,-1.597192645754461,-1.250449319999764,0.05105765235303825,-2.2388437218721458,-1.2723715860681772,0.2924610446297601
B*39:05,B,0.5918262976443257,0.0,21.499999999999996,0.0,-21.499999999999996,0.6406577365901952,2.0,28.9,-1.597192645754461,-1.250449319999764,0.05105765235303825,-2.2388437218721458,-1.2723715860681772,0.2924610446297601
B*39:06,B,0.5918262976443257,0.0,21.499999999999996,0.0,-21.499999999999996,0.6406577365901952,2.0,28.9,-1.597192645754461,-1.250449319999764,0.05105765235303825,-2.2388437218721458,-1.2723715860681772,0.2924610446297601
B*39:07,B,0.5918262976443257,0.0,21.499999999999996,0.0,-21.499999999999996,0.6406577365901952,2.0,28.9,-1.597192645754461,-1.250449319999764,0.05105765235303825,-2.2388437218721458,-1.2723715860681772,0.2924610446297601
B*39:08,B,0.614297382996163,1.0,21.499999999999996,-1.0,-21.499999999999996,0.6406577365901952,2.0,28.9,-0.8815588644137455,-0.05415192356636394,0.05105765235303825,-1.3725027082788688,-0.07929794587393728,0.2924610446297601
B*39:09,B,0.5918262976443257,0.0,21.499999999999996,0.0,-21.499999999999996,0.6406577365901952,2.0,28.9,-1.597192645754461,-1.250449319999764,0.05105765235303825,-2.2388437218721458,-1.2723715860681772,0.2924610446297601
B*39:10,B,0.5918262976443257,0.0,21.499999999999996,0.0,-21.499999999999996,0.6406577365901952,2.0,28.9,-1.597192645754461,-1.250449319999764,0.05105765235303825,-2.2388437218721458,-1.2723715860681772,0.2924610446297601
B*39:11,B,0.5918262976443257,0.0,21.499999999999996,0.0,-21.499999999999996,0.6406577365901952,2.0,28.9,-1.597192645754461,-1.250449319999764,0.05105765235303825,-2.2388437218721458,-1.2723715860681772,0.2924610446297601
B*39:12,B,0.5918262976443257,0.0,21.499999999999996,0.0,-21.499999999999996,0.6406577365901952,2.0,28.9,-1.597192645754461,-1.250449319999764,0.05105765235303825,-2.2388437218721458,-1.2723715860681772,0.2924610446297601
B*39:13,B,0.614297382996163,1.0,21.499999999999996,-1.0,-21.499999999999996,0.6406577365901952,2.0,28.9,-0.8815588644137455,-0.05415192356636394,0.05105765235303825,-1.3725027082788688,-0.07929794587393728,0.2924610446297601
B*39:14,B,0.5918262976443257,0.0,21.499999999999996,0.0,-21.499999999999996,0.6406577365901952,2.0,28.9,-1.597192645754461,-1.250449319999764,0.05105765235303825,-2.2388437218721458,-1.2723715860681772,0.2924610446297601
B*39:15,B,0.5918262976443257,0.0,21.499999999999996,0.0,-21.499999999999996,0.6406577365901952,2.0,28.9,-1.597192645754461,-1.250449319999764,0.05105765235303825,-2.2388437218721458,-1.2723715860681772,0.2924610446297601
B*39:20,B,0.5918262976443257,0.0,21.499999999999996,0.0,-21.499999999999996,0.6406577365901952,2.0,28.9,-1.597192645754461,-1.250449319999764,0.05105765235303825,-2.2388437218721458,-1.2723715860681772,0.2924610446297601
B*39:22,B,0.614297382996163,1.0,21.499999999999996,-1.0,-21.499999999999996,0.6406577365901952,2.0,28.9,-0.8815588644137455,-0.05415192356636394,0.05105765235303825,-1.3725027082788688,-0.07929794587393728,0.2924610446297601
B*39:24,B,0.5918262976443257,0.0,21.499999999999996,0.0,-21.499999999999996,0.6406577365901952,2.0,28.9,-1.597192645754461,-1.250449319999764,0.05105765235303825,-2.2388437218721458,-1.2723715860681772,0.2924610446297601
B*39:26,B,0.5811128988481614,1.0,13.199999999999998,-1.0,-13.199999999999998,0.6406577365901952,2.0,28.9,-1.9383808870640094,-0.05415192356636394,-1.382030270720636,-2.651883707559312,-0.07929794587393728,-1.6315768574567833
B*39:31,B,0.5918262976443257,0.0,21.499999999999996,0.0,-21.499999999999996,0.6406577365901952,2.0,28.9,-1.597192645754461,-1.250449319999764,0.05105765235303825,-2.2388437218721458,-1.2723715860681772,0.2924610446297601
B*39:37,B,0.5918262976443257,0.0,21.499999999999996,0.0,-21.499999999999996,0.6406577365901952,2.0,28.9,-1.597192645754461,-1.250449319999764,0.05105765235303825,-2.2388437218721458,-1.2723715860681772,0.2924610446297601
B*39:39,B,0.5918262976443257,0.0,21.499999999999996,0.0,-21.499999999999996,0.6406577365901952,2.0,28.9,-1.597192645754461,-1.250449319999764,0.05105765235303825,-2.2388437218721458,-1.2723715860681772,0.2924610446297601
B*40:01,B,0.6638281138555285,2.0,21.799999999999997,-2.0,-21.799999999999997,0.6406577365901952,2.0,28.9,0.6958399867084544,1.1421454728670362,0.10285601101835191,0.537084786265986,1.1137756943203028,0.3620045832593944
B*40:02,B,0.6638281138555285,2.0,21.799999999999997,-2.0,-21.799999999999997,0.6406577365901952,2.0,28.9,0.6958399867084544,1.1421454728670362,0.10285601101835191,0.537084786265986,1.1137756943203028,0.3620045832593944
B*40:03,B,0.6638281138555285,2.0,21.799999999999997,-2.0,-21.799999999999997,0.6406577365901952,2.0,28.9,0.6958399867084544,1.1421454728670362,0.10285601101835191,0.537084786265986,1.1137756943203028,0.3620045832593944
B*40:04,B,0.6638281138555285,2.0,21.799999999999997,-2.0,-21.799999999999997,0.6406577365901952,2.0,28.9,0.6958399867084544,1.1421454728670362,0.10285601101835191,0.537084786265986,1.1137756943203028,0.3620045832593944
B*40:05,B,0.6604539969480023,2.0,22.199999999999996,-2.0,-22.199999999999996,0.6406577365901952,2.0,28.9,0.5883849170751048,1.1421454728670362,0.1719204892387697,0.40700046608830215,1.1137756943203028,0.4547293014322395
B*40:06,B,0.6638281138555285,2.0,21.799999999999997,-2.0,-21.799999999999997,0.6406577365901952,2.0,28.9,0.6958399867084544,1.1421454728670362,0.10285601101835191,0.537084786265986,1.1137756943203028,0.3620045832593944
B*40:07,B,0.6638281138555285,2.0,21.799999999999997,-2.0,-21.799999999999997,0.6406577365901952,2.0,28.9,0.6958399867084544,1.1421454728670362,0.10285601101835191,0.537084786265986,1.1137756943203028,0.3620045832593944
B*40:08,B,0.6510921593107767,1.0,21.799999999999997,-1.0,-21.799999999999997,0.6406577365901952,2.0,28.9,0.29023967114118554,-0.05415192356636394,0.10285601101835191,0.04606801530809903,-0.07929794587393728,0.3620045832593944
B*40:09,B,0.6638281138555285,2.0,21.799999999999997,-2.0,-21.799999999999997,0.6406577365901952,2.0,28.9,0.6958399867084544,1.1421454728670362,0.10285601101835191,0.537084786265986,1.1137756943203028,0.3620045832593944
B*40:10,B,0.6638281138555285,2.0,21.799999999999997,-2.0,-21.799999999999997,0.6406577365901952,2.0,28.9,0.6958399867084544,1.1421454728670362,0.10285601101835191,0.537084786265986,1.1137756943203028,0.3620045832593944
B*40:11,B,0.6638281138555285,2.0,21.799999999999997,-2.0,-21.799999999999997,0.6406577365901952,2.0,28.9,0.6958399867084544,1.1421454728670362,0.10285601101835191,0.537084786265986,1.1137756943203028,0.3620045832593944
B*40:114,B,0.6638281138555285,2.0,21.799999999999997,-2.0,-21.799999999999997,0.6406577365901952,2.0,28.9,0.6958399867084544,1.1421454728670362,0.10285601101835191,0.537084786265986,1.1137756943203028,0.3620045832593944
B*40:12,B,0.6638281138555285,2.0,21.799999999999997,-2.0,-21.799999999999997,0.6406577365901952,2.0,28.9,0.6958399867084544,1.1421454728670362,0.10285601101835191,0.537084786265986,1.1137756943203028,0.3620045832593944
B*40:129,B,0.6638281138555285,2.0,21.799999999999997,-2.0,-21.799999999999997,0.6406577365901952,2.0,28.9,0.6958399867084544,1.1421454728670362,0.10285601101835191,0.537084786265986,1.1137756943203028,0.3620045832593944
B*40:13,B,0.6638281138555285,2.0,21.799999999999997,-2.0,-21.799999999999997,0.6406577365901952,2.0,28.9,0.6958399867084544,1.1421454728670362,0.10285601101835191,0.537084786265986,1.1137756943203028,0.3620045832593944
B*40:16,B,0.6260637003409746,3.0,29.499999999999996,-3.0,-29.499999999999996,0.6406577365901952,2.0,28.9,-0.5068384607446856,2.338442869300436,1.4323472167613993,-0.9188689324661318,2.306849334514543,2.1469554080866695
B*40:19,B,0.6638281138555285,2.0,21.799999999999997,-2.0,-21.799999999999997,0.6406577365901952,2.0,28.9,0.6958399867084544,1.1421454728670362,0.10285601101835191,0.537084786265986,1.1137756943203028,0.3620045832593944
B*40:20,B,0.6638281138555285,2.0,21.799999999999997,-2.0,-21.799999999999997,0.6406577365901952,2.0,28.9,0.6958399867084544,1.1421454728670362,0.10285601101835191,0.537084786265986,1.1137756943203028,0.3620045832593944
B*40:23,B,0.6260637003409746,3.0,29.499999999999996,-3.0,-29.499999999999996,0.6406577365901952,2.0,28.9,-0.5068384607446856,2.338442869300436,1.4323472167613993,-0.9188689324661318,2.306849334514543,2.1469554080866695
B*40:26,B,0.6604539969480023,2.0,22.199999999999996,-2.0,-22.199999999999996,0.6406577365901952,2.0,28.9,0.5883849170751048,1.1421454728670362,0.1719204892387697,0.40700046608830215,1.1137756943203028,0.4547293014322395
B*40:27,B,0.6638281138555285,2.0,21.799999999999997,-2.0,-21.799999999999997,0.6406577365901952,2.0,28.9,0.6958399867084544,1.1421454728670362,0.10285601101835191,0.537084786265986,1.1137756943203028,0.3620045832593944
B*40:30,B,0.6638281138555285,2.0,21.799999999999997,-2.0,-21.799999999999997,0.6406577365901952,2.0,28.9,0.6958399867084544,1.1421454728670362,0.10285601101835191,0.537084786265986,1.1137756943203028,0.3620045832593944
B*40:32,B,0.6260637003409746,3.0,29.499999999999996,-3.0,-29.499999999999996,0.6406577365901952,2.0,28.9,-0.5068384607446856,2.338442869300436,1.4323472167613993,-0.9188689324661318,2.306849334514543,2.1469554080866695
B*40:40,B,0.6638281138555285,2.0,21.799999999999997,-2.0,-21.799999999999997,0.6406577365901952,2.0,28.9,0.6958399867084544,1.1421454728670362,0.10285601101835191,0.537084786265986,1.1137756943203028,0.3620045832593944
B*40:43,B,0.6638281138555285,2.0,21.799999999999997,-2.0,-21.799999999999997,0.6406577365901952,2.0,28.9,0.6958399867084544,1.1421454728670362,0.10285601101835191,0.537084786265986,1.1137756943203028,0.3620045832593944
B*40:50,B,0.6638281138555285,2.0,21.799999999999997,-2.0,-21.799999999999997,0.6406577365901952,2.0,28.9,0.6958399867084544,1.1421454728670362,0.10285601101835191,0.537084786265986,1.1137756943203028,0.3620045832593944
B*40:64,B,0.6638281138555285,2.0,21.799999999999997,-2.0,-21.799999999999997,0.6406577365901952,2.0,28.9,0.6958399867084544,1.1421454728670362,0.10285601101835191,0.537084786265986,1.1137756943203028,0.3620045832593944
B*40:90,B,0.6638281138555285,2.0,21.799999999999997,-2.0,-21.799999999999997,0.61708719153834,2.1,30.799999999999997,0.6958399867084544,1.1421454728670362,0.10285601101835191,0.537084786265986,1.1137756943203028,0.3620045832593944
B*40:94,B,0.6638281138555285,2.0,21.799999999999997,-2.0,-21.799999999999997,0.6406577365901952,2.0,28.9,0.6958399867084544,1.1421454728670362,0.10285601101835191,0.537084786265986,1.1137756943203028,0.3620045832593944
B*41:01,B,0.6444039978677992,1.0,18.999999999999996,-1.0,-18.999999999999996,0.6406577365901952,2.0,28.9,0.0772426490252156,-0.05415192356636394,-0.38059533652457456,-0.2117846194383938,-0.07929794587393728,-0.2870684439505241
B*41:02,B,0.6444039978677992,1.0,18.999999999999996,-1.0,-18.999999999999996,0.6406577365901952,2.0,28.9,0.0772426490252156,-0.05415192356636394,-0.38059533652457456,-0.2117846194383938,-0.07929794587393728,-0.2870684439505241
B*41:03,B,0.6444039978677992,1.0,18.999999999999996,-1.0,-18.999999999999996,0.6406577365901952,2.0,28.9,0.0772426490252156,-0.05415192356636394,-0.38059533652457456,-0.2117846194383938,-0.07929794587393728,-0.2870684439505241
B*41:07,B,0.6444039978677992,1.0,18.999999999999996,-1.0,-18.999999999999996,0.6406577365901952,2.0,28.9,0.0772426490252156,-0.05415192356636394,-0.38059533652457456,-0.2117846194383938,-0.07929794587393728,-0.2870684439505241
B*42:01,B,0.6443417083298005,0.0,16.499999999999996,0.0,-16.499999999999996,0.6406577365901952,2.0,28.9,0.0752589220748693,-1.250449319999764,-0.8122483254021874,-0.21418610475346042,-1.2723715860681772,-0.8665979325308084
B*42:02,B,0.6443417083298005,0.0,16.499999999999996,0.0,-16.499999999999996,0.6406577365901952,2.0,28.9,0.0752589220748693,-1.250449319999764,-0.8122483254021874,-0.21418610475346042,-1.2723715860681772,-0.8665979325308084
B*42:05,B,0.6443417083298005,0.0,16.499999999999996,0.0,-16.499999999999996,0.6406577365901952,2.0,28.9,0.0752589220748693,-1.250449319999764,-0.8122483254021874,-0.21418610475346042,-1.2723715860681772,-0.8665979325308084
B*44:02,B,0.6524643134248092,1.0,14.399999999999999,-1.0,-14.399999999999999,0.6406577365901952,2.0,28.9,0.3339384877240252,-0.05415192356636394,-1.1748368360593817,0.0989694825645471,-0.07929794587393728,-1.3534027029382467
B*44:03,B,0.6524643134248092,1.0,14.399999999999999,-1.0,-14.399999999999999,0.6406577365901952,2.0,28.9,0.3339384877240252,-0.05415192356636394,-1.1748368360593817,0.0989694825645471,-0.07929794587393728,-1.3534027029382467
B*44:04,B,0.6122300764659635,1.0,18.9,-1.0,-18.9,0.6406577365901952,2.0,28.9,-0.9473961110902195,-0.05415192356636394,-0.3978614560796787,-1.4522047968401846,-0.07929794587393728,-0.310249623493735
B*44:05,B,0.6524643134248092,1.0,14.399999999999999,-1.0,-14.399999999999999,0.6406577365901952,2.0,28.9,0.3339384877240252,-0.05415192356636394,-1.1748368360593817,0.0989694825645471,-0.07929794587393728,-1.3534027029382467
B*44:06,B,0.6299735915169974,0.0,14.399999999999999,0.0,-14.399999999999999,0.6406577365901952,2.0,28.9,-0.3823206565034622,-1.250449319999764,-1.1748368360593817,-0.7681285907586025,-1.2723715860681772,-1.3534027029382467
B*44:07,B,0.6524643134248092,1.0,14.399999999999999,-1.0,-14.399999999999999,0.6406577365901952,2.0,28.9,0.3339384877240252,-0.05415192356636394,-1.1748368360593817,0.0989694825645471,-0.07929794587393728,-1.3534027029382467
B*44:08,B,0.6524643134248092,1.0,14.399999999999999,-1.0,-14.399999999999999,0.6406577365901952,2.0,28.9,0.3339384877240252,-0.05415192356636394,-1.1748368360593817,0.0989694825645471,-0.07929794587393728,-1.3534027029382467
B*44:09,B,0.6524643134248092,1.0,14.399999999999999,-1.0,-14.399999999999999,0.6406577365901952,2.0,28.9,0.3339384877240252,-0.05415192356636394,-1.1748368360593817,0.0989694825645471,-0.07929794587393728,-1.3534027029382467
B*44:10,B,0.6524643134248092,1.0,14.399999999999999,-1.0,-14.399999999999999,0.6406577365901952,2.0,28.9,0.3339384877240252,-0.05415192356636394,-1.1748368360593817,0.0989694825645471,-0.07929794587393728,-1.3534027029382467
B*44:12,B,0.6299735915169974,0.0,14.399999999999999,0.0,-14.399999999999999,0.6406577365901952,2.0,28.9,-0.3823206565034622,-1.250449319999764,-1.1748368360593817,-0.7681285907586025,-1.2723715860681772,-1.3534027029382467
B*44:15,B,0.6524643134248092,1.0,14.399999999999999,-1.0,-14.399999999999999,0.6406577365901952,2.0,28.9,0.3339384877240252,-0.05415192356636394,-1.1748368360593817,0.0989694825645471,-0.07929794587393728,-1.3534027029382467
B*44:18,B,0.6524643134248092,1.0,14.399999999999999,-1.0,-14.399999999999999,0.6406577365901952,2.0,28.9,0.3339384877240252,-0.05415192356636394,-1.1748368360593817,0.0989694825645471,-0.07929794587393728,-1.3534027029382467
B*44:20,B,0.6524643134248092,1.0,14.399999999999999,-1.0,-14.399999999999999,0.6406577365901952,2.0,28.9,0.3339384877240252,-0.05415192356636394,-1.1748368360593817,0.0989694825645471,-0.07929794587393728,-1.3534027029382467
B*44:21,B,0.6357402951381906,2.0,21.7,-2.0,-21.7,0.6406577365901952,2.0,28.9,-0.1986691837912952,1.1421454728670362,0.08558989146324776,-0.5458014631609095,1.1137756943203028,0.3388234037161835
B*44:22,B,0.6524643134248092,1.0,14.399999999999999,-1.0,-14.399999999999999,0.6406577365901952,2.0,28.9,0.3339384877240252,-0.05415192356636394,-1.1748368360593817,0.0989694825645471,-0.07929794587393728,-1.3534027029382467
B*44:24,B,0.6524643134248092,1.0,14.399999999999999,-1.0,-14.399999999999999,0.6406577365901952,2.0,28.9,0.3339384877240252,-0.05415192356636394,-1.1748368360593817,0.0989694825645471,-0.07929794587393728,-1.3534027029382467
B*44:27,B,0.6524643134248092,1.0,14.399999999999999,-1.0,-14.399999999999999,0.6406577365901952,2.0,28.9,0.3339384877240252,-0.05415192356636394,-1.1748368360593817,0.0989694825645471,-0.07929794587393728,-1.3534027029382467
B*44:29,B,0.6276300637510116,1.0,16.9,-1.0,-16.9,0.6406577365901952,2.0,28.9,-0.45695468554969354,-0.05415192356636394,-0.743183847181769,-0.8584799996193282,-0.07929794587393728,-0.7738732143579624
B*44:50,B,0.6524643134248092,1.0,14.399999999999999,-1.0,-14.399999999999999,0.6406577365901952,2.0,28.9,0.3339384877240252,-0.05415192356636394,-1.1748368360593817,0.0989694825645471,-0.07929794587393728,-1.3534027029382467
B*45:01,B,0.6524643134248092,1.0,14.399999999999999,-1.0,-14.399999999999999,0.6406577365901952,2.0,28.9,0.3339384877240252,-0.05415192356636394,-1.1748368360593817,0.0989694825645471,-0.07929794587393728,-1.3534027029382467
B*46:01,B,0.6881018884582693,1.0,26.699999999999996,1.0,-26.699999999999996,0.6406577365901952,2.0,28.9,1.4688837820741847,-0.05415192356636394,0.9488958692184728,1.4729259423031478,-0.07929794587393728,1.4978823808767512
B*47:01,B,0.6638281138555285,2.0,21.799999999999997,-2.0,-21.799999999999997,0.6406577365901952,2.0,28.9,0.6958399867084544,1.1421454728670362,0.10285601101835191,0.537084786265986,1.1137756943203028,0.3620045832593944
B*47:02,B,0.6638281138555285,2.0,21.799999999999997,-2.0,-21.799999999999997,0.6406577365901952,2.0,28.9,0.6958399867084544,1.1421454728670362,0.10285601101835191,0.537084786265986,1.1137756943203028,0.3620045832593944
B*47:03,B,0.6638281138555285,2.0,21.799999999999997,-2.0,-21.799999999999997,0.6406577365901952,2.0,28.9,0.6958399867084544,1.1421454728670362,0.10285601101835191,0.537084786265986,1.1137756943203028,0.3620045832593944
B*48:01,B,0.6638281138555285,2.0,21.799999999999997,-2.0,-21.799999999999997,0.6406577365901952,2.0,28.9,0.6958399867084544,1.1421454728670362,0.10285601101835191,0.537084786265986,1.1137756943203028,0.3620045832593944
B*48:02,B,0.6785111628481848,1.0,14.499999999999998,-1.0,-14.499999999999998,0.6406577365901952,2.0,28.9,1.1634491701414413,-0.05415192356636394,-1.1575707165042772,1.1031690384401924,-0.07929794587393728,-1.3302215233950354
B*48:03,B,0.6638281138555285,2.0,21.799999999999997,-2.0,-21.799999999999997,0.6406577365901952,2.0,28.9,0.6958399867084544,1.1421454728670362,0.10285601101835191,0.537084786265986,1.1137756943203028,0.3620045832593944
B*48:04,B,0.6638281138555285,2.0,21.799999999999997,-2.0,-21.799999999999997,0.6406577365901952,2.0,28.9,0.6958399867084544,1.1421454728670362,0.10285601101835191,0.537084786265986,1.1137756943203028,0.3620045832593944
B*48:05,B,0.6260637003409746,3.0,29.499999999999996,-3.0,-29.499999999999996,0.6406577365901952,2.0,28.9,-0.5068384607446856,2.338442869300436,1.4323472167613993,-0.9188689324661318,2.306849334514543,2.1469554080866695
B*48:06,B,0.6510921593107767,1.0,21.799999999999997,-1.0,-21.799999999999997,0.6406577365901952,2.0,28.9,0.29023967114118554,-0.05415192356636394,0.10285601101835191,0.04606801530809903,-0.07929794587393728,0.3620045832593944
B*48:07,B,0.6638281138555285,2.0,21.799999999999997,-2.0,-21.799999999999997,0.6406577365901952,2.0,28.9,0.6958399867084544,1.1421454728670362,0.10285601101835191,0.537084786265986,1.1137756943203028,0.3620045832593944
B*48:12,B,0.6638281138555285,2.0,21.799999999999997,-2.0,-21.799999999999997,0.6406577365901952,2.0,28.9,0.6958399867084544,1.1421454728670362,0.10285601101835191,0.537084786265986,1.1137756943203028,0.3620045832593944
B*48:13,B,0.6638281138555285,2.0,21.799999999999997,-2.0,-21.799999999999997,0.6406577365901952,2.0,28.9,0.6958399867084544,1.1421454728670362,0.10285601101835191,0.537084786265986,1.1137756943203028,0.3620045832593944
B*49:01,B,0.6604539969480023,2.0,22.199999999999996,-2.0,-22.199999999999996,0.6406577365901952,2.0,28.9,0.5883849170751048,1.1421454728670362,0.1719204892387697,0.40700046608830215,1.1137756943203028,0.4547293014322395
B*50:01,B,0.6604539969480023,2.0,22.199999999999996,-2.0,-22.199999999999996,0.6406577365901952,2.0,28.9,0.5883849170751048,1.1421454728670362,0.1719204892387697,0.40700046608830215,1.1137756943203028,0.4547293014322395
B*50:02,B,0.6344679452880081,2.0,22.099999999999998,-2.0,-22.099999999999998,0.6406577365901952,2.0,28.9,-0.23918954674741638,1.1421454728670362,0.15465436968366558,-0.5948551177393819,1.1137756943203028,0.43154812188902864
B*50:04,B,0.6604539969480023,2.0,22.199999999999996,-2.0,-22.199999999999996,0.6406577365901952,2.0,28.9,0.5883849170751048,1.1421454728670362,0.1719204892387697,0.40700046608830215,1.1137756943203028,0.4547293014322395
B*51:01,B,0.6479772330991798,1.0,22.199999999999996,-1.0,-22.199999999999996,0.6406577365901952,2.0,28.9,0.19103901445282684,-0.05415192356636394,0.1719204892387697,-0.07402357302288042,-0.07929794587393728,0.4547293014322395
B*51:02,B,0.6479772330991798,1.0,22.199999999999996,-1.0,-22.199999999999996,0.6406577365901952,2.0,28.9,0.19103901445282684,-0.05415192356636394,0.1719204892387697,-0.07402357302288042,-0.07929794587393728,0.4547293014322395
B*51:03,B,0.6364827431925091,1.0,21.699999999999996,-1.0,-21.699999999999996,0.6406577365901952,2.0,28.9,-0.17502453555815928,-0.05415192356636394,0.08558989146324715,-0.5171774252095781,-0.07929794587393728,0.3388234037161827
B*51:04,B,0.6479772330991798,1.0,22.199999999999996,-1.0,-22.199999999999996,0.6406577365901952,2.0,28.9,0.19103901445282684,-0.05415192356636394,0.1719204892387697,-0.07402357302288042,-0.07929794587393728,0.4547293014322395
B*51:05,B,0.6589774511205584,0.0,14.499999999999998,0.0,-14.499999999999998,0.6406577365901952,2.0,28.9,0.5413615509460553,-1.250449319999764,-1.1575707165042772,0.35007432350391116,-1.2723715860681772,-1.3302215233950354
B*51:06,B,0.6479772330991798,1.0,22.199999999999996,-1.0,-22.199999999999996,0.6406577365901952,2.0,28.9,0.19103901445282684,-0.05415192356636394,0.1719204892387697,-0.07402357302288042,-0.07929794587393728,0.4547293014322395
B*51:07,B,0.6479772330991798,1.0,22.199999999999996,-1.0,-22.199999999999996,0.6406577365901952,2.0,28.9,0.19103901445282684,-0.05415192356636394,0.1719204892387697,-0.07402357302288042,-0.07929794587393728,0.4547293014322395
B*51:08,B,0.6589774511205584,0.0,14.499999999999998,0.0,-14.499999999999998,0.6406577365901952,2.0,28.9,0.5413615509460553,-1.250449319999764,-1.1575707165042772,0.35007432350391116,-1.2723715860681772,-1.3302215233950354
B*51:09,B,0.6589774511205584,0.0,14.499999999999998,0.0,-14.499999999999998,0.6406577365901952,2.0,28.9,0.5413615509460553,-1.250449319999764,-1.1575707165042772,0.35007432350391116,-1.2723715860681772,-1.3302215233950354
B*51:10,B,0.6510921593107767,1.0,21.799999999999997,-1.0,-21.799999999999997,0.6406577365901952,2.0,28.9,0.29023967114118554,-0.05415192356636394,0.10285601101835191,0.04606801530809903,-0.07929794587393728,0.3620045832593944
B*51:13,B,0.6479772330991798,1.0,22.199999999999996,-1.0,-22.199999999999996,0.6406577365901952,2.0,28.9,0.19103901445282684,-0.05415192356636394,0.1719204892387697,-0.07402357302288042,-0.07929794587393728,0.4547293014322395
B*51:14,B,0.6479772330991798,1.0,22.199999999999996,-1.0,-22.199999999999996,0.6406577365901952,2.0,28.9,0.19103901445282684,-0.05415192356636394,0.1719204892387697,-0.07402357302288042,-0.07929794587393728,0.4547293014322395
B*51:17,B,0.6479772330991798,1.0,22.199999999999996,-1.0,-22.199999999999996,0.6406577365901952,2.0,28.9,0.19103901445282684,-0.05415192356636394,0.1719204892387697,-0.07402357302288042,-0.07929794587393728,0.4547293014322395
B*51:19,B,0.6323608812843343,0.0,16.999999999999996,0.0,-16.999999999999996,0.6406577365901952,2.0,28.9,-0.3062929445969859,-1.250449319999764,-0.7259177276266648,-0.6760899996361478,-1.2723715860681772,-0.7506920348147516
B*51:21,B,0.6033668489984003,1.0,26.699999999999996,-1.0,-26.699999999999996,0.6406577365901952,2.0,28.9,-1.229662182718866,-0.05415192356636394,0.9488958692184728,-1.7939140355231593,-0.07929794587393728,1.4978823808767512
B*51:22,B,0.6479772330991798,1.0,22.199999999999996,-1.0,-22.199999999999996,0.6406577365901952,2.0,28.9,0.19103901445282684,-0.05415192356636394,0.1719204892387697,-0.07402357302288042,-0.07929794587393728,0.4547293014322395
B*51:23,B,0.6190341712590002,1.0,22.099999999999998,-1.0,-22.099999999999998,0.6406577365901952,2.0,28.9,-0.7307069744017957,-0.05415192356636394,0.15465436968366558,-1.1898825152374328,-0.07929794587393728,0.43154812188902864
B*51:29,B,0.6479772330991798,1.0,22.199999999999996,-1.0,-22.199999999999996,0.6406577365901952,2.0,28.9,0.19103901445282684,-0.05415192356636394,0.1719204892387697,-0.07402357302288042,-0.07929794587393728,0.4547293014322395
B*51:34,B,0.6203846936750264,2.0,29.499999999999996,-2.0,-29.499999999999996,0.6406577365901952,2.0,28.9,-0.6876970597388534,1.1421454728670362,1.4323472167613993,-1.1378150275989287,1.1137756943203028,2.1469554080866695
B*51:40,B,0.6589774511205584,0.0,14.499999999999998,0.0,-14.499999999999998,0.6406577365901952,2.0,28.9,0.5413615509460553,-1.250449319999764,-1.1575707165042772,0.35007432350391116,-1.2723715860681772,-1.3302215233950354
B*51:43,B,0.6479772330991798,1.0,22.199999999999996,-1.0,-22.199999999999996,0.6406577365901952,2.0,28.9,0.19103901445282684,-0.05415192356636394,0.1719204892387697,-0.07402357302288042,-0.07929794587393728,0.4547293014322395
B*51:50,B,0.6479772330991798,1.0,22.199999999999996,-1.0,-22.199999999999996,0.6406577365901952,2.0,28.9,0.19103901445282684,-0.05415192356636394,0.1719204892387697,-0.07402357302288042,-0.07929794587393728,0.4547293014322395
B*52:01,B,0.6604539969480023,2.0,22.199999999999996,-2.0,-22.199999999999996,0.6406577365901952,2.0,28.9,0.5883849170751048,1.1421454728670362,0.1719204892387697,0.40700046608830215,1.1137756943203028,0.4547293014322395
B*52:02,B,0.6604539969480023,2.0,22.199999999999996,-2.0,-22.199999999999996,0.6406577365901952,2.0,28.9,0.5883849170751048,1.1421454728670362,0.1719204892387697,0.40700046608830215,1.1137756943203028,0.4547293014322395
B*52:03,B,0.6785111628481848,1.0,14.499999999999998,-1.0,-14.499999999999998,0.6406577365901952,2.0,28.9,1.1634491701414413,-0.05415192356636394,-1.1575707165042772,1.1031690384401924,-0.07929794587393728,-1.3302215233950354
B*52:04,B,0.6604539969480023,2.0,22.199999999999996,-2.0,-22.199999999999996,0.6406577365901952,2.0,28.9,0.5883849170751048,1.1421454728670362,0.1719204892387697,0.40700046608830215,1.1137756943203028,0.4547293014322395
B*52:21,B,0.6604539969480023,2.0,22.199999999999996,-2.0,-22.199999999999996,0.6406577365901952,2.0,28.9,0.5883849170751048,1.1421454728670362,0.1719204892387697,0.40700046608830215,1.1137756943203028,0.4547293014322395
B*53:01,B,0.6589774511205584,0.0,14.499999999999998,0.0,-14.499999999999998,0.6406577365901952,2.0,28.9,0.5413615509460553,-1.250449319999764,-1.1575707165042772,0.35007432350391116,-1.2723715860681772,-1.3302215233950354
B*53:05,B,0.6589774511205584,0.0,14.499999999999998,0.0,-14.499999999999998,0.6406577365901952,2.0,28.9,0.5413615509460553,-1.250449319999764,-1.1575707165042772,0.35007432350391116,-1.2723715860681772,-1.3302215233950354
B*53:06,B,0.6479772330991798,1.0,22.199999999999996,-1.0,-22.199999999999996,0.6406577365901952,2.0,28.9,0.19103901445282684,-0.05415192356636394,0.1719204892387697,-0.07402357302288042,-0.07929794587393728,0.4547293014322395
B*54:01,B,0.6443417083298005,0.0,16.499999999999996,0.0,-16.499999999999996,0.6406577365901952,2.0,28.9,0.0752589220748693,-1.250449319999764,-0.8122483254021874,-0.21418610475346042,-1.2723715860681772,-0.8665979325308084
B*55:01,B,0.6290886137344793,1.0,24.199999999999996,-1.0,-24.199999999999996,0.6406577365901952,2.0,28.9,-0.4105044307622404,-0.05415192356636394,0.51724288034086,-0.8022476614269688,-0.07929794587393728,0.9183528922964669
B*55:02,B,0.6443417083298005,0.0,16.499999999999996,0.0,-16.499999999999996,0.6406577365901952,2.0,28.9,0.0752589220748693,-1.250449319999764,-0.8122483254021874,-0.21418610475346042,-1.2723715860681772,-0.8665979325308084
B*55:04,B,0.6443417083298005,0.0,16.499999999999996,0.0,-16.499999999999996,0.6406577365901952,2.0,28.9,0.0752589220748693,-1.250449319999764,-0.8122483254021874,-0.21418610475346042,-1.2723715860681772,-0.8665979325308084
B*55:07,B,0.6443417083298005,0.0,16.499999999999996,0.0,-16.499999999999996,0.6406577365901952,2.0,28.9,0.0752589220748693,-1.250449319999764,-0.8122483254021874,-0.21418610475346042,-1.2723715860681772,-0.8665979325308084
B*55:12,B,0.6443417083298005,0.0,16.499999999999996,0.0,-16.499999999999996,0.6406577365901952,2.0,28.9,0.0752589220748693,-1.250449319999764,-0.8122483254021874,-0.21418610475346042,-1.2723715860681772,-0.8665979325308084
B*56:01,B,0.6753257117905553,0.0,11.999999999999998,0.0,-11.999999999999998,0.6406577365901952,2.0,28.9,1.0620025177010077,-1.250449319999764,-1.58922370538189,0.9803584641039222,-1.2723715860681772,-1.9097510119753196
B*56:02,B,0.6753257117905553,0.0,11.999999999999998,0.0,-11.999999999999998,0.6406577365901952,2.0,28.9,1.0620025177010077,-1.250449319999764,-1.58922370538189,0.9803584641039222,-1.2723715860681772,-1.9097510119753196
B*56:03,B,0.6684400848669954,1.0,19.699999999999996,-1.0,-19.699999999999996,0.6406577365901952,2.0,28.9,0.8427168376790689,-0.05415192356636394,-0.2597324996388431,0.7148928261615887,-0.07929794587393728,-0.12480018714804471
B*56:04,B,0.6753257117905553,0.0,11.999999999999998,0.0,-11.999999999999998,0.6406577365901952,2.0,28.9,1.0620025177010077,-1.250449319999764,-1.58922370538189,0.9803584641039222,-1.2723715860681772,-1.9097510119753196
B*56:10,B,0.6443417083298005,0.0,16.499999999999996,0.0,-16.499999999999996,0.6406577365901952,2.0,28.9,0.0752589220748693,-1.250449319999764,-0.8122483254021874,-0.21418610475346042,-1.2723715860681772,-0.8665979325308084
B*56:15,B,0.6753257117905553,0.0,11.999999999999998,0.0,-11.999999999999998,0.6406577365901952,2.0,28.9,1.0620025177010077,-1.250449319999764,-1.58922370538189,0.9803584641039222,-1.2723715860681772,-1.9097510119753196
B*57:01,B,0.6807560251425635,1.0,14.200000000000001,-1.0,-14.200000000000001,0.6406577365901952,2.0,28.9,1.23494101253187,-0.05415192356636394,-1.2093690751695905,1.1897165391522737,-0.07929794587393728,-1.3997650620246689
B*57:02,B,0.6807560251425635,1.0,14.200000000000001,-1.0,-14.200000000000001,0.6406577365901952,2.0,28.9,1.23494101253187,-0.05415192356636394,-1.2093690751695905,1.1897165391522737,-0.07929794587393728,-1.3997650620246689
B*57:03,B,0.6807560251425635,1.0,14.200000000000001,-1.0,-14.200000000000001,0.6406577365901952,2.0,28.9,1.23494101253187,-0.05415192356636394,-1.2093690751695905,1.1897165391522737,-0.07929794587393728,-1.3997650620246689
B*57:04,B,0.6807560251425635,1.0,14.200000000000001,-1.0,-14.200000000000001,0.6406577365901952,2.0,28.9,1.23494101253187,-0.05415192356636394,-1.2093690751695905,1.1897165391522737,-0.07929794587393728,-1.3997650620246689
B*57:05,B,0.6807560251425635,1.0,14.200000000000001,-1.0,-14.200000000000001,0.6406577365901952,2.0,28.9,1.23494101253187,-0.05415192356636394,-1.2093690751695905,1.1897165391522737,-0.07929794587393728,-1.3997650620246689
B*58:01,B,0.6807560251425635,1.0,14.200000000000001,-1.0,-14.200000000000001,0.6406577365901952,2.0,28.9,1.23494101253187,-0.05415192356636394,-1.2093690751695905,1.1897165391522737,-0.07929794587393728,-1.3997650620246689
B*58:02,B,0.6807560251425635,1.0,14.200000000000001,-1.0,-14.200000000000001,0.6406577365901952,2.0,28.9,1.23494101253187,-0.05415192356636394,-1.2093690751695905,1.1897165391522737,-0.07929794587393728,-1.3997650620246689
B*58:04,B,0.6802434718106142,2.0,17.299999999999997,-2.0,-17.299999999999997,0.6406577365901952,2.0,28.9,1.2186177921204586,1.1421454728670362,-0.6741193689613512,1.169955768091641,1.1137756943203028,-0.6811484961851172
B*59:01,B,0.62273453469154,0.0,18.999999999999996,0.0,-18.999999999999996,0.6406577365901952,2.0,28.9,-0.6128619734104703,-1.250449319999764,-0.38059533652457456,-1.0472202202651972,-1.2723715860681772,-0.2870684439505241
B*67:01,B,0.62024232143595,0.0,18.999999999999996,0.0,-18.999999999999996,0.6406577365901952,2.0,28.9,-0.6922311702285276,-1.250449319999764,-0.38059533652457456,-1.1433039885448597,-1.2723715860681772,-0.2870684439505241
B*67:02,B,0.6642167767929963,2.0,23.499999999999996,2.0,-23.499999999999996,0.6406577365901952,2.0,28.9,0.708217685571331,1.1421454728670362,0.3963800434551285,0.5520691378413506,1.1137756943203028,0.7560846354939875
B*73:01,B,0.7038254744438477,1.0,11.999999999999998,1.0,-11.999999999999998,0.6406577365901952,2.0,28.9,1.9696308140449996,-0.05415192356636394,-1.58922370538189,2.079126631178788,-0.07929794587393728,-1.9097510119753196
B*78:01,B,0.6479772330991798,1.0,22.199999999999996,-1.0,-22.199999999999996,0.6406577365901952,2.0,28.9,0.19103901445282684,-0.05415192356636394,0.1719204892387697,-0.07402357302288042,-0.07929794587393728,0.4547293014322395
B*78:02,B,0.6479772330991798,1.0,22.199999999999996,-1.0,-22.199999999999996,0.6406577365901952,2.0,28.9,0.19103901445282684,-0.05415192356636394,0.1719204892387697,-0.07402357302288042,-0.07929794587393728,0.4547293014322395
B*78:04,B,0.6589774511205584,0.0,14.499999999999998,0.0,-14.499999999999998,0.6406577365901952,2.0,28.9,0.5413615509460553,-1.250449319999764,-1.1575707165042772,0.35007432350391116,-1.2723715860681772,-1.3302215233950354
B*81:01,B,0.6709510781587575,1.0,19.299999999999997,-1.0,-19.299999999999997,0.6406577365901952,2.0,28.9,0.9226841199072957,-0.05415192356636394,-0.32879697785926093,0.8117006322577597,-0.07929794587393728,-0.21752490532088986
B*81:02,B,0.6709510781587575,1.0,19.299999999999997,-1.0,-19.299999999999997,0.6406577365901952,2.0,28.9,0.9226841199072957,-0.05415192356636394,-0.32879697785926093,0.8117006322577597,-0.07929794587393728,-0.21752490532088986
B*82:01,B,0.6482761257893274,0.0,11.899999999999999,0.0,-11.899999999999999,0.6422606021218452,1.0,32.0,0.20055781173014384,-1.250449319999764,-1.6064898249369945,-0.06250018676521922,-1.2723715860681772,-1.932932191518531
B*82:02,B,0.6482761257893274,0.0,11.899999999999999,0.0,-11.899999999999999,0.6406577365901952,2.0,28.9,0.20055781173014384,-1.250449319999764,-1.6064898249369945,-0.06250018676521922,-1.2723715860681772,-1.932932191518531
C*01:02,C,0.6483264587746302,1.0,31.199999999999996,1.0,-31.199999999999996,0.6406577365901952,2.0,28.9,0.2021607598759272,-0.05415192356636394,1.7258712491981758,-0.677442686280736,-0.038543800205649424,0.9116614687814238
C*01:03,C,0.6483264587746302,1.0,31.199999999999996,1.0,-31.199999999999996,0.6406577365901952,2.0,28.9,0.2021607598759272,-0.05415192356636394,1.7258712491981758,-0.677442686280736,-0.038543800205649424,0.9116614687814238
C*01:06,C,0.6642167767929963,2.0,23.499999999999996,2.0,-23.499999999999996,0.6406577365901952,2.0,28.9,0.708217685571331,1.1421454728670362,0.3963800434551285,0.17223928831974022,1.540508659832255,-1.2879776881920608
C*01:07,C,0.6483264587746302,1.0,31.199999999999996,1.0,-31.199999999999996,0.6406577365901952,2.0,28.9,0.2021607598759272,-0.05415192356636394,1.7258712491981758,-0.677442686280736,-0.038543800205649424,0.9116614687814238
C*01:08,C,0.6515468750173993,0.0,24.199999999999996,0.0,-24.199999999999996,0.6406577365901952,2.0,28.9,0.304720944095753,-1.250449319999764,0.51724288034086,-0.505241624663921,-1.6175962602435539,-1.0880104921035625
C*01:10,C,0.6630420405155314,0.0,33.99999999999999,0.0,-33.99999999999999,0.6406577365901952,2.0,28.9,0.6708060095816093,-1.250449319999764,2.2093225967411017,0.10942416789751087,-1.6175962602435539,1.7115302531354175
C*01:17,C,0.6747391824033871,1.0,28.699999999999996,1.0,-28.699999999999996,0.6406577365901952,2.0,28.9,1.0433233913199447,-0.05415192356636394,1.294218260320563,0.7348899770127146,-0.038543800205649424,0.1974929113225002
C*01:27,C,0.6483264587746302,1.0,31.199999999999996,1.0,-31.199999999999996,0.6406577365901952,2.0,28.9,0.2021607598759272,-0.05415192356636394,1.7258712491981758,-0.677442686280736,-0.038543800205649424,0.9116614687814238
C*02:02,C,0.6630420405155314,0.0,33.99999999999999,0.0,-33.99999999999999,0.6406577365901952,2.0,28.9,0.6708060095816093,-1.250449319999764,2.2093225967411017,0.10942416789751087,-1.6175962602435539,1.7115302531354175
C*02:04,C,0.6630420405155314,0.0,33.99999999999999,0.0,-33.99999999999999,0.6406577365901952,2.0,28.9,0.6708060095816093,-1.250449319999764,2.2093225967411017,0.10942416789751087,-1.6175962602435539,1.7115302531354175
C*02:06,C,0.6630420405155314,0.0,33.99999999999999,0.0,-33.99999999999999,0.6406577365901952,2.0,28.9,0.6708060095816093,-1.250449319999764,2.2093225967411017,0.10942416789751087,-1.6175962602435539,1.7115302531354175
C*02:07,C,0.6630420405155314,0.0,33.99999999999999,0.0,-33.99999999999999,0.6406577365901952,2.0,28.9,0.6708060095816093,-1.250449319999764,2.2093225967411017,0.10942416789751087,-1.6175962602435539,1.7115302531354175
C*02:08,C,0.6630420405155314,0.0,33.99999999999999,0.0,-33.99999999999999,0.6406577365901952,2.0,28.9,0.6708060095816093,-1.250449319999764,2.2093225967411017,0.10942416789751087,-1.6175962602435539,1.7115302531354175
C*02:10,C,0.6630420405155314,0.0,33.99999999999999,0.0,-33.99999999999999,0.6406577365901952,2.0,28.9,0.6708060095816093,-1.250449319999764,2.2093225967411017,0.10942416789751087,-1.6175962602435539,1.7115302531354175
C*02:14,C,0.6630420405155314,0.0,33.99999999999999,0.0,-33.99999999999999,0.6406577365901952,2.0,28.9,0.6708060095816093,-1.250449319999764,2.2093225967411017,0.10942416789751087,-1.6175962602435539,1.7115302531354175
C*03:02,C,0.6881018884582693,1.0,26.699999999999996,1.0,-26.699999999999996,0.6406577365901952,2.0,28.9,1.4688837820741847,-0.05415192356636394,0.9488958692184728,1.4494162976058544,-0.038543800205649424,-0.3738419346446388
C*03:03,C,0.6881018884582693,1.0,26.699999999999996,1.0,-26.699999999999996,0.6406577365901952,2.0,28.9,1.4688837820741847,-0.05415192356636394,0.9488958692184728,1.4494162976058544,-0.038543800205649424,-0.3738419346446388
C*03:04,C,0.6881018884582693,1.0,26.699999999999996,1.0,-26.699999999999996,0.6406577365901952,2.0,28.9,1.4688837820741847,-0.05415192356636394,0.9488958692184728,1.4494162976058544,-0.038543800205649424,-0.3738419346446388
C*03:05,C,0.6881018884582693,1.0,26.699999999999996,1.0,-26.699999999999996,0.6406577365901952,2.0,28.9,1.4688837820741847,-0.05415192356636394,0.9488958692184728,1.4494162976058544,-0.038543800205649424,-0.3738419346446388
C*03:06,C,0.6881018884582693,1.0,26.699999999999996,1.0,-26.699999999999996,0.6406577365901952,2.0,28.9,1.4688837820741847,-0.05415192356636394,0.9488958692184728,1.4494162976058544,-0.038543800205649424,-0.3738419346446388
C*03:07,C,0.6881018884582693,1.0,26.699999999999996,1.0,-26.699999999999996,0.6406577365901952,2.0,28.9,1.4688837820741847,-0.05415192356636394,0.9488958692184728,1.4494162976058544,-0.038543800205649424,-0.3738419346446388
C*03:08,C,0.6716792229280832,0.0,26.299999999999997,0.0,-26.299999999999997,0.6406577365901952,2.0,28.9,0.9458732532525352,-1.250449319999764,0.879831390998055,0.5712688080613704,-1.6175962602435539,-0.48810890383806615
C*03:09,C,0.6881018884582693,1.0,26.699999999999996,1.0,-26.699999999999996,0.6406577365901952,2.0,28.9,1.4688837820741847,-0.05415192356636394,0.9488958692184728,1.4494162976058544,-0.038543800205649424,-0.3738419346446388
C*03:10,C,0.6881018884582693,1.0,26.699999999999996,1.0,-26.699999999999996,0.6406577365901952,2.0,28.9,1.4688837820741847,-0.05415192356636394,0.9488958692184728,1.4494162976058544,-0.038543800205649424,-0.3738419346446388
C*03:14,C,0.64783922425133,2.0,25.899999999999995,2.0,-25.899999999999995,0.6406577365901952,2.0,28.9,0.18664386432550456,1.1421454728670362,0.8107669127776366,-0.7034959340113839,1.540508659832255,-0.6023758730314945
C*03:16,C,0.6483264587746302,1.0,31.199999999999996,1.0,-31.199999999999996,0.6406577365901952,2.0,28.9,0.2021607598759272,-0.05415192356636394,1.7258712491981758,-0.677442686280736,-0.038543800205649424,0.9116614687814238
C*03:17,C,0.6881018884582693,1.0,26.699999999999996,1.0,-26.699999999999996,0.6406577365901952,2.0,28.9,1.4688837820741847,-0.05415192356636394,0.9488958692184728,1.4494162976058544,-0.038543800205649424,-0.3738419346446388
C*03:19,C,0.6881018884582693,1.0,26.699999999999996,1.0,-26.699999999999996,0.6406577365901952,2.0,28.9,1.4688837820741847,-0.05415192356636394,0.9488958692184728,1.4494162976058544,-0.038543800205649424,-0.3738419346446388
C*03:35,C,0.6881018884582693,1.0,26.699999999999996,1.0,-26.699999999999996,0.6406577365901952,2.0,28.9,1.4688837820741847,-0.05415192356636394,0.9488958692184728,1.4494162976058544,-0.038543800205649424,-0.3738419346446388
C*03:36,C,0.6956247388048742,2.0,18.999999999999996,2.0,-18.999999999999996,0.6406577365901952,2.0,28.9,1.7084630349544212,1.1421454728670362,-0.38059533652457456,1.8516757319192045,1.540508659832255,-2.5734810916181234
C*03:40,C,0.6881018884582693,1.0,26.699999999999996,1.0,-26.699999999999996,0.6406577365901952,2.0,28.9,1.4688837820741847,-0.05415192356636394,0.9488958692184728,1.4494162976058544,-0.038543800205649424,-0.3738419346446388
C*03:88,C,0.6881018884582693,1.0,26.699999999999996,1.0,-26.699999999999996,0.6406577365901952,2.0,28.9,1.4688837820741847,-0.05415192356636394,0.9488958692184728,1.4494162976058544,-0.038543800205649424,-0.3738419346446388
C*04:01,C,0.6747391824033871,1.0,28.699999999999996,1.0,-28.699999999999996,0.6406577365901952,2.0,28.9,1.0433233913199447,-0.05415192356636394,1.294218260320563,0.7348899770127146,-0.038543800205649424,0.1974929113225002
C*04:03,C,0.6747391824033871,1.0,28.699999999999996,1.0,-28.699999999999996,0.6406577365901952,2.0,28.9,1.0433233913199447,-0.05415192356636394,1.294218260320563,0.7348899770127146,-0.038543800205649424,0.1974929113225002
C*04:04,C,0.6747391824033871,1.0,28.699999999999996,1.0,-28.699999999999996,0.6406577365901952,2.0,28.9,1.0433233913199447,-0.05415192356636394,1.294218260320563,0.7348899770127146,-0.038543800205649424,0.1974929113225002
C*04:05,C,0.6747391824033871,1.0,28.699999999999996,1.0,-28.699999999999996,0.6406577365901952,2.0,28.9,1.0433233913199447,-0.05415192356636394,1.294218260320563,0.7348899770127146,-0.038543800205649424,0.1974929113225002
C*04:06,C,0.6747391824033871,1.0,28.699999999999996,1.0,-28.699999999999996,0.6406577365901952,2.0,28.9,1.0433233913199447,-0.05415192356636394,1.294218260320563,0.7348899770127146,-0.038543800205649424,0.1974929113225002
C*04:07,C,0.6747391824033871,1.0,28.699999999999996,1.0,-28.699999999999996,0.6406577365901952,2.0,28.9,1.0433233913199447,-0.05415192356636394,1.294218260320563,0.7348899770127146,-0.038543800205649424,0.1974929113225002
C*04:08,C,0.7102229448760358,1.0,24.199999999999996,1.0,-24.199999999999996,0.6406577365901952,2.0,28.9,2.173370236717249,-0.05415192356636394,0.51724288034086,2.63226631203427,-0.038543800205649424,-1.0880104921035625
C*04:10,C,0.6483264587746302,1.0,31.199999999999996,1.0,-31.199999999999996,0.6406577365901952,2.0,28.9,0.2021607598759272,-0.05415192356636394,1.7258712491981758,-0.677442686280736,-0.038543800205649424,0.9116614687814238
C*04:13,C,0.6682466105677821,2.0,23.399999999999995,2.0,-23.399999999999995,0.6406577365901952,2.0,28.9,0.8365552864157298,1.1421454728670362,0.37911392390002374,0.3877212638921713,1.540508659832255,-1.3165444304904184
C*04:19,C,0.6747391824033871,1.0,28.699999999999996,1.0,-28.699999999999996,0.6406577365901952,2.0,28.9,1.0433233913199447,-0.05415192356636394,1.294218260320563,0.7348899770127146,-0.038543800205649424,0.1974929113225002
C*04:27,C,0.6747391824033871,1.0,28.699999999999996,1.0,-28.699999999999996,0.6406577365901952,2.0,28.9,1.0433233913199447,-0.05415192356636394,1.294218260320563,0.7348899770127146,-0.038543800205649424,0.1974929113225002
C*04:82,C,0.6747391824033871,1.0,28.699999999999996,1.0,-28.699999999999996,0.6406577365901952,2.0,28.9,1.0433233913199447,-0.05415192356636394,1.294218260320563,0.7348899770127146,-0.038543800205649424,0.1974929113225002
C*05:01,C,0.6483264587746302,1.0,31.199999999999996,1.0,-31.199999999999996,0.6406577365901952,2.0,28.9,0.2021607598759272,-0.05415192356636394,1.7258712491981758,-0.677442686280736,-0.038543800205649424,0.9116614687814238
C*05:04,C,0.6483264587746302,1.0,31.199999999999996,1.0,-31.199999999999996,0.6406577365901952,2.0,28.9,0.2021607598759272,-0.05415192356636394,1.7258712491981758,-0.677442686280736,-0.038543800205649424,0.9116614687814238
C*05:05,C,0.6483264587746302,1.0,31.199999999999996,1.0,-31.199999999999996,0.6406577365901952,2.0,28.9,0.2021607598759272,-0.05415192356636394,1.7258712491981758,-0.677442686280736,-0.038543800205649424,0.9116614687814238
C*05:08,C,0.6483264587746302,1.0,31.199999999999996,1.0,-31.199999999999996,0.6406577365901952,2.0,28.9,0.2021607598759272,-0.05415192356636394,1.7258712491981758,-0.677442686280736,-0.038543800205649424,0.9116614687814238
C*05:09,C,0.6483264587746302,1.0,31.199999999999996,1.0,-31.199999999999996,0.6406577365901952,2.0,28.9,0.2021607598759272,-0.05415192356636394,1.7258712491981758,-0.677442686280736,-0.038543800205649424,0.9116614687814238
C*05:10,C,0.6483264587746302,1.0,31.199999999999996,1.0,-31.199999999999996,0.6406577365901952,2.0,28.9,0.2021607598759272,-0.05415192356636394,1.7258712491981758,-0.677442686280736,-0.038543800205649424,0.9116614687814238
C*05:14,C,0.6483264587746302,1.0,31.199999999999996,1.0,-31.199999999999996,0.6406577365901952,2.0,28.9,0.2021607598759272,-0.05415192356636394,1.7258712491981758,-0.677442686280736,-0.038543800205649424,0.9116614687814238
C*06:02,C,0.6747391824033871,1.0,28.699999999999996,1.0,-28.699999999999996,0.6406577365901952,2.0,28.9,1.0433233913199447,-0.05415192356636394,1.294218260320563,0.7348899770127146,-0.038543800205649424,0.1974929113225002
C*06:04,C,0.6747391824033871,1.0,28.699999999999996,1.0,-28.699999999999996,0.6406577365901952,2.0,28.9,1.0433233913199447,-0.05415192356636394,1.294218260320563,0.7348899770127146,-0.038543800205649424,0.1974929113225002
C*06:06,C,0.6747391824033871,1.0,28.699999999999996,1.0,-28.699999999999996,0.6406577365901952,2.0,28.9,1.0433233913199447,-0.05415192356636394,1.294218260320563,0.7348899770127146,-0.038543800205649424,0.1974929113225002
C*06:07,C,0.6747391824033871,1.0,28.699999999999996,1.0,-28.699999999999996,0.6406577365901952,2.0,28.9,1.0433233913199447,-0.05415192356636394,1.294218260320563,0.7348899770127146,-0.038543800205649424,0.1974929113225002
C*06:08,C,0.6883706640992859,0.0,31.499999999999996,0.0,-31.499999999999996,0.6406577365901952,2.0,28.9,1.4774434455395418,-1.250449319999764,1.7776696078634895,1.4637881822414929,-1.6175962602435539,0.9973616956764949
C*06:09,C,0.6747391824033871,1.0,28.699999999999996,1.0,-28.699999999999996,0.6406577365901952,2.0,28.9,1.0433233913199447,-0.05415192356636394,1.294218260320563,0.7348899770127146,-0.038543800205649424,0.1974929113225002
C*06:27,C,0.6747391824033871,1.0,28.699999999999996,1.0,-28.699999999999996,0.6406577365901952,2.0,28.9,1.0433233913199447,-0.05415192356636394,1.294218260320563,0.7348899770127146,-0.038543800205649424,0.1974929113225002
C*07:01,C,0.6513788809643288,1.0,22.999999999999996,1.0,-22.999999999999996,0.6406577365901952,2.0,28.9,0.2993708589726184,-0.05415192356636394,0.31004944567960596,-0.5142245486412165,-0.038543800205649424,-1.4308113996838456
C*07:02,C,0.6682466105677821,2.0,23.399999999999995,2.0,-23.399999999999995,0.6406577365901952,2.0,28.9,0.8365552864157298,1.1421454728670362,0.37911392390002374,0.3877212638921713,1.540508659832255,-1.3165444304904184
C*07:04,C,0.6682466105677821,2.0,23.399999999999995,2.0,-23.399999999999995,0.6406577365901952,2.0,28.9,0.8365552864157298,1.1421454728670362,0.37911392390002374,0.3877212638921713,1.540508659832255,-1.3165444304904184
C*07:05,C,0.6682466105677821,2.0,23.399999999999995,2.0,-23.399999999999995,0.6406577365901952,2.0,28.9,0.8365552864157298,1.1421454728670362,0.37911392390002374,0.3877212638921713,1.540508659832255,-1.3165444304904184
C*07:06,C,0.6513788809643288,1.0,22.999999999999996,1.0,-22.999999999999996,0.6406577365901952,2.0,28.9,0.2993708589726184,-0.05415192356636394,0.31004944567960596,-0.5142245486412165,-0.038543800205649424,-1.4308113996838456
C*07:07,C,0.6513788809643288,1.0,22.999999999999996,1.0,-22.999999999999996,0.6406577365901952,2.0,28.9,0.2993708589726184,-0.05415192356636394,0.31004944567960596,-0.5142245486412165,-0.038543800205649424,-1.4308113996838456
C*07:10,C,0.6682466105677821,2.0,23.399999999999995,2.0,-23.399999999999995,0.6406577365901952,2.0,28.9,0.8365552864157298,1.1421454728670362,0.37911392390002374,0.3877212638921713,1.540508659832255,-1.3165444304904184
C*07:12,C,0.6682466105677821,2.0,23.399999999999995,2.0,-23.399999999999995,0.6406577365901952,2.0,28.9,0.8365552864157298,1.1421454728670362,0.37911392390002374,0.3877212638921713,1.540508659832255,-1.3165444304904184
C*07:13,C,0.6682466105677821,2.0,23.399999999999995,2.0,-23.399999999999995,0.6406577365901952,2.0,28.9,0.8365552864157298,1.1421454728670362,0.37911392390002374,0.3877212638921713,1.540508659832255,-1.3165444304904184
C*07:17,C,0.6682466105677821,2.0,23.399999999999995,2.0,-23.399999999999995,0.6406577365901952,2.0,28.9,0.8365552864157298,1.1421454728670362,0.37911392390002374,0.3877212638921713,1.540508659832255,-1.3165444304904184
C*07:18,C,0.6513788809643288,1.0,22.999999999999996,1.0,-22.999999999999996,0.6406577365901952,2.0,28.9,0.2993708589726184,-0.05415192356636394,0.31004944567960596,-0.5142245486412165,-0.038543800205649424,-1.4308113996838456
C*07:19,C,0.6513788809643288,1.0,22.999999999999996,1.0,-22.999999999999996,0.6406577365901952,2.0,28.9,0.2993708589726184,-0.05415192356636394,0.31004944567960596,-0.5142245486412165,-0.038543800205649424,-1.4308113996838456
C*07:21,C,0.6513788809643288,1.0,22.999999999999996,1.0,-22.999999999999996,0.6406577365901952,2.0,28.9,0.2993708589726184,-0.05415192356636394,0.31004944567960596,-0.5142245486412165,-0.038543800205649424,-1.4308113996838456
C*07:22,C,0.6513788809643288,1.0,22.999999999999996,1.0,-22.999999999999996,0.6406577365901952,2.0,28.9,0.2993708589726184,-0.05415192356636394,0.31004944567960596,-0.5142245486412165,-0.038543800205649424,-1.4308113996838456
C*07:24,C,0.6513788809643288,1.0,22.999999999999996,1.0,-22.999999999999996,0.6406577365901952,2.0,28.9,0.2993708589726184,-0.05415192356636394,0.31004944567960596,-0.5142245486412165,-0.038543800205649424,-1.4308113996838456
C*07:25,C,0.6428587548427077,1.1,22.099999999999994,1.1,-22.099999999999994,0.6406577365901952,2.0,28.9,0.028031492028466838,0.06547781607697617,0.15465436968366497,-0.9698099924628458,0.11936144579814116,-1.6879120803690588
C*07:26,C,0.6513788809643288,1.0,22.999999999999996,1.0,-22.999999999999996,0.6406577365901952,2.0,28.9,0.2993708589726184,-0.05415192356636394,0.31004944567960596,-0.5142245486412165,-0.038543800205649424,-1.4308113996838456
C*07:27,C,0.6682466105677821,2.0,23.399999999999995,2.0,-23.399999999999995,0.6406577365901952,2.0,28.9,0.8365552864157298,1.1421454728670362,0.37911392390002374,0.3877212638921713,1.540508659832255,-1.3165444304904184
C*07:29,C,0.6682466105677821,2.0,23.399999999999995,2.0,-23.399999999999995,0.6406577365901952,2.0,28.9,0.8365552864157298,1.1421454728670362,0.37911392390002374,0.3877212638921713,1.540508659832255,-1.3165444304904184
C*07:35,C,0.6513788809643288,1.0,22.999999999999996,1.0,-22.999999999999996,0.6406577365901952,2.0,28.9,0.2993708589726184,-0.05415192356636394,0.31004944567960596,-0.5142245486412165,-0.038543800205649424,-1.4308113996838456
C*07:40,C,0.6304410550982424,1.0,25.499999999999996,1.0,-25.499999999999996,0.6406577365901952,2.0,28.9,-0.367433403616137,-0.05415192356636394,0.7417024345572187,-1.6338052395484053,-0.038543800205649424,-0.7166428422249219
C*07:43,C,0.6682466105677821,2.0,23.399999999999995,2.0,-23.399999999999995,0.6406577365901952,2.0,28.9,0.8365552864157298,1.1421454728670362,0.37911392390002374,0.3877212638921713,1.540508659832255,-1.3165444304904184
C*07:46,C,0.6682466105677821,2.0,23.399999999999995,2.0,-23.399999999999995,0.6406577365901952,2.0,28.9,0.8365552864157298,1.1421454728670362,0.37911392390002374,0.3877212638921713,1.540508659832255,-1.3165444304904184
C*07:56,C,0.6682466105677821,2.0,23.399999999999995,2.0,-23.399999999999995,0.6406577365901952,2.0,28.9,0.8365552864157298,1.1421454728670362,0.37911392390002374,0.3877212638921713,1.540508659832255,-1.3165444304904184
C*07:60,C,0.6513788809643288,1.0,22.999999999999996,1.0,-22.999999999999996,0.6406577365901952,2.0,28.9,0.2993708589726184,-0.05415192356636394,0.31004944567960596,-0.5142245486412165,-0.038543800205649424,-1.4308113996838456
C*07:66,C,0.6682466105677821,2.0,23.399999999999995,2.0,-23.399999999999995,0.6406577365901952,2.0,28.9,0.8365552864157298,1.1421454728670362,0.37911392390002374,0.3877212638921713,1.540508659832255,-1.3165444304904184
C*07:67,C,0.6682466105677821,2.0,23.399999999999995,2.0,-23.399999999999995,0.6406577365901952,2.0,28.9,0.8365552864157298,1.1421454728670362,0.37911392390002374,0.3877212638921713,1.540508659832255,-1.3165444304904184
C*07:72,C,0.6682466105677821,2.0,23.399999999999995,2.0,-23.399999999999995,0.6406577365901952,2.0,28.9,0.8365552864157298,1.1421454728670362,0.37911392390002374,0.3877212638921713,1.540508659832255,-1.3165444304904184
C*08:01,C,0.6203424005775707,2.0,28.399999999999995,2.0,-28.399999999999995,0.6406577365901952,2.0,28.9,-0.689043962604598,1.1421454728670362,1.2424199016552493,-2.173797246254303,1.540508659832255,0.11179268442742914
C*08:02,C,0.6483264587746302,1.0,31.199999999999996,1.0,-31.199999999999996,0.6406577365901952,2.0,28.9,0.2021607598759272,-0.05415192356636394,1.7258712491981758,-0.677442686280736,-0.038543800205649424,0.9116614687814238
C*08:03,C,0.6203424005775707,2.0,28.399999999999995,2.0,-28.399999999999995,0.6406577365901952,2.0,28.9,-0.689043962604598,1.1421454728670362,1.2424199016552493,-2.173797246254303,1.540508659832255,0.11179268442742914
C*08:04,C,0.6483264587746302,1.0,31.199999999999996,1.0,-31.199999999999996,0.6406577365901952,2.0,28.9,0.2021607598759272,-0.05415192356636394,1.7258712491981758,-0.677442686280736,-0.038543800205649424,0.9116614687814238
C*08:05,C,0.6747391824033871,1.0,28.699999999999996,1.0,-28.699999999999996,0.6406577365901952,2.0,28.9,1.0433233913199447,-0.05415192356636394,1.294218260320563,0.7348899770127146,-0.038543800205649424,0.1974929113225002
C*08:06,C,0.64783922425133,2.0,25.899999999999995,2.0,-25.899999999999995,0.6406577365901952,2.0,28.9,0.18664386432550456,1.1421454728670362,0.8107669127776366,-0.7034959340113839,1.540508659832255,-0.6023758730314945
C*08:10,C,0.6203424005775707,2.0,28.399999999999995,2.0,-28.399999999999995,0.6406577365901952,2.0,28.9,-0.689043962604598,1.1421454728670362,1.2424199016552493,-2.173797246254303,1.540508659832255,0.11179268442742914
C*08:12,C,0.6483264587746302,1.0,31.199999999999996,1.0,-31.199999999999996,0.6406577365901952,2.0,28.9,0.2021607598759272,-0.05415192356636394,1.7258712491981758,-0.677442686280736,-0.038543800205649424,0.9116614687814238
C*08:13,C,0.6483264587746302,1.0,31.199999999999996,1.0,-31.199999999999996,0.6406577365901952,2.0,28.9,0.2021607598759272,-0.05415192356636394,1.7258712491981758,-0.677442686280736,-0.038543800205649424,0.9116614687814238
C*08:22,C,0.6203424005775707,2.0,28.399999999999995,2.0,-28.399999999999995,0.6406577365901952,2.0,28.9,-0.689043962604598,1.1421454728670362,1.2424199016552493,-2.173797246254303,1.540508659832255,0.11179268442742914
C*12:02,C,0.6747391824033871,1.0,28.699999999999996,1.0,-28.699999999999996,0.6406577365901952,2.0,28.9,1.0433233913199447,-0.05415192356636394,1.294218260320563,0.7348899770127146,-0.038543800205649424,0.1974929113225002
C*12:03,C,0.6747391824033871,1.0,28.699999999999996,1.0,-28.699999999999996,0.6406577365901952,2.0,28.9,1.0433233913199447,-0.05415192356636394,1.294218260320563,0.7348899770127146,-0.038543800205649424,0.1974929113225002
C*12:04,C,0.6747391824033871,1.0,28.699999999999996,1.0,-28.699999999999996,0.6406577365901952,2.0,28.9,1.0433233913199447,-0.05415192356636394,1.294218260320563,0.7348899770127146,-0.038543800205649424,0.1974929113225002
C*12:05,C,0.6483264587746302,1.0,31.199999999999996,1.0,-31.199999999999996,0.6406577365901952,2.0,28.9,0.2021607598759272,-0.05415192356636394,1.7258712491981758,-0.677442686280736,-0.038543800205649424,0.9116614687814238
C*12:09,C,0.6483264587746302,1.0,31.199999999999996,1.0,-31.199999999999996,0.6406577365901952,2.0,28.9,0.2021607598759272,-0.05415192356636394,1.7258712491981758,-0.677442686280736,-0.038543800205649424,0.9116614687814238
C*12:12,C,0.6412494360891773,0.0,36.39999999999999,0.0,-36.39999999999999,0.6406577365901952,2.0,28.9,-0.02322027649713956,-1.250449319999764,2.6237094660636098,-1.0558629672793889,-1.6175962602435539,2.397132068295984
C*12:13,C,0.6747391824033871,1.0,28.699999999999996,1.0,-28.699999999999996,0.6406577365901952,2.0,28.9,1.0433233913199447,-0.05415192356636394,1.294218260320563,0.7348899770127146,-0.038543800205649424,0.1974929113225002
C*12:16,C,0.6747391824033871,1.0,28.699999999999996,1.0,-28.699999999999996,0.6406577365901952,2.0,28.9,1.0433233913199447,-0.05415192356636394,1.294218260320563,0.7348899770127146,-0.038543800205649424,0.1974929113225002
C*14:02,C,0.6483264587746302,1.0,31.199999999999996,1.0,-31.199999999999996,0.6406577365901952,2.0,28.9,0.2021607598759272,-0.05415192356636394,1.7258712491981758,-0.677442686280736,-0.038543800205649424,0.9116614687814238
C*14:03,C,0.6483264587746302,1.0,31.199999999999996,1.0,-31.199999999999996,0.6406577365901952,2.0,28.9,0.2021607598759272,-0.05415192356636394,1.7258712491981758,-0.677442686280736,-0.038543800205649424,0.9116614687814238
C*14:04,C,0.6747391824033871,1.0,28.699999999999996,1.0,-28.699999999999996,0.6406577365901952,2.0,28.9,1.0433233913199447,-0.05415192356636394,1.294218260320563,0.7348899770127146,-0.038543800205649424,0.1974929113225002
C*14:05,C,0.6483264587746302,1.0,31.199999999999996,1.0,-31.199999999999996,0.6406577365901952,2.0,28.9,0.2021607598759272,-0.05415192356636394,1.7258712491981758,-0.677442686280736,-0.038543800205649424,0.9116614687814238
C*14:11,C,0.6483264587746302,1.0,31.199999999999996,1.0,-31.199999999999996,0.6406577365901952,2.0,28.9,0.2021607598759272,-0.05415192356636394,1.7258712491981758,-0.677442686280736,-0.038543800205649424,0.9116614687814238
C*15:02,C,0.6290897410111418,0.0,30.799999999999997,0.0,-30.799999999999997,0.6406577365901952,2.0,28.9,-0.4104685305265401,-1.250449319999764,1.656806770977758,-1.7060622718183729,-1.6175962602435539,0.7973944995879965
C*15:03,C,0.656032904189533,0.0,28.299999999999997,0.0,-28.299999999999997,0.6406577365901952,2.0,28.9,0.4475869414160076,-1.250449319999764,1.2251537821001452,-0.2653661155212886,-1.6175962602435539,0.08322594212907279
C*15:04,C,0.6290897410111418,0.0,30.799999999999997,0.0,-30.799999999999997,0.6406577365901952,2.0,28.9,-0.4104685305265401,-1.250449319999764,1.656806770977758,-1.7060622718183729,-1.6175962602435539,0.7973944995879965
C*15:05,C,0.6290897410111418,0.0,30.799999999999997,0.0,-30.799999999999997,0.6406577365901952,2.0,28.9,-0.4104685305265401,-1.250449319999764,1.656806770977758,-1.7060622718183729,-1.6175962602435539,0.7973944995879965
C*15:06,C,0.6290897410111418,0.0,30.799999999999997,0.0,-30.799999999999997,0.6406577365901952,2.0,28.9,-0.4104685305265401,-1.250449319999764,1.656806770977758,-1.7060622718183729,-1.6175962602435539,0.7973944995879965
C*15:07,C,0.6290897410111418,0.0,30.799999999999997,0.0,-30.799999999999997,0.6406577365901952,2.0,28.9,-0.4104685305265401,-1.250449319999764,1.656806770977758,-1.7060622718183729,-1.6175962602435539,0.7973944995879965
C*15:08,C,0.6290897410111418,0.0,30.799999999999997,0.0,-30.799999999999997,0.6406577365901952,2.0,28.9,-0.4104685305265401,-1.250449319999764,1.656806770977758,-1.7060622718183729,-1.6175962602435539,0.7973944995879965
C*15:09,C,0.6290897410111418,0.0,30.799999999999997,0.0,-30.799999999999997,0.6406577365901952,2.0,28.9,-0.4104685305265401,-1.250449319999764,1.656806770977758,-1.7060622718183729,-1.6175962602435539,0.7973944995879965
C*15:11,C,0.6483264587746302,1.0,31.199999999999996,1.0,-31.199999999999996,0.6406577365901952,2.0,28.9,0.2021607598759272,-0.05415192356636394,1.7258712491981758,-0.677442686280736,-0.038543800205649424,0.9116614687814238
C*15:13,C,0.6290897410111418,0.0,30.799999999999997,0.0,-30.799999999999997,0.6406577365901952,2.0,28.9,-0.4104685305265401,-1.250449319999764,1.656806770977758,-1.7060622718183729,-1.6175962602435539,0.7973944995879965
C*15:22,C,0.6290897410111418,0.0,30.799999999999997,0.0,-30.799999999999997,0.6406577365901952,2.0,28.9,-0.4104685305265401,-1.250449319999764,1.656806770977758,-1.7060622718183729,-1.6175962602435539,0.7973944995879965
C*16:01,C,0.64783922425133,2.0,25.899999999999995,2.0,-25.899999999999995,0.6406577365901952,2.0,28.9,0.18664386432550456,1.1421454728670362,0.8107669127776366,-0.7034959340113839,1.540508659832255,-0.6023758730314945
C*16:02,C,0.64783922425133,2.0,25.899999999999995,2.0,-25.899999999999995,0.6406577365901952,2.0,28.9,0.18664386432550456,1.1421454728670362,0.8107669127776366,-0.7034959340113839,1.540508659832255,-0.6023758730314945
C*16:04,C,0.64783922425133,2.0,25.899999999999995,2.0,-25.899999999999995,0.6406577365901952,2.0,28.9,0.18664386432550456,1.1421454728670362,0.8107669127776366,-0.7034959340113839,1.540508659832255,-0.6023758730314945
C*17:01,C,0.6883706640992859,0.0,31.499999999999996,0.0,-31.499999999999996,0.6406577365901952,2.0,28.9,1.4774434455395418,-1.250449319999764,1.7776696078634895,1.4637881822414929,-1.6175962602435539,0.9973616956764949
C*17:03,C,0.6883706640992859,0.0,31.499999999999996,0.0,-31.499999999999996,0.6406577365901952,2.0,28.9,1.4774434455395418,-1.250449319999764,1.7776696078634895,1.4637881822414929,-1.6175962602435539,0.9973616956764949
C*18:01,C,0.6747391824033871,1.0,28.699999999999996,1.0,-28.699999999999996,0.6406577365901952,2.0,28.9,1.0433233913199447,-0.05415192356636394,1.294218260320563,0.7348899770127146,-0.038543800205649424,0.1974929113225002
C*18:02,C,0.6747391824033871,1.0,28.699999999999996,1.0,-28.699999999999996,0.6406577365901952,2.0,28.9,1.0433233913199447,-0.05415192356636394,1.294218260320563,0.7348899770127146,-0.038543800205649424,0.1974929113225002
